time,reward,rl_cwe,rl_hwe,rbc_cwe,rbc_hwe,rl_energy,rbc_energy
2019-05-01 00:00:00,-29.168,0.000,0.000,0.000,0.000,0.000,0.000
2019-05-01 00:30:00,-30.455,0.000,0.000,0.000,0.000,0.000,0.000
2019-05-01 01:00:00,-11.748,0.000,0.000,0.000,0.187,0.000,0.187
2019-05-01 01:30:00,-27.788,0.000,0.179,0.000,0.192,0.179,0.192
2019-05-01 02:00:00,27.540,0.000,0.000,0.000,0.192,0.000,0.192
2019-05-01 02:30:00,61.284,0.000,0.000,0.000,0.192,0.000,0.192
2019-05-01 03:00:00,55.083,0.000,0.000,0.000,0.203,0.000,0.203
2019-05-01 03:30:00,31.087,0.000,0.000,0.000,0.204,0.000,0.204
2019-05-01 04:00:00,27.131,0.000,0.000,0.000,0.205,0.000,0.205
2019-05-01 04:30:00,23.628,0.000,0.000,0.000,0.204,0.000,0.204
2019-05-01 05:00:00,33.271,0.000,0.161,0.000,0.204,0.161,0.204
2019-05-01 05:30:00,39.557,0.000,0.166,0.000,0.203,0.166,0.203
2019-05-01 06:00:00,-16.939,0.000,0.183,0.000,0.203,0.183,0.203
2019-05-01 06:30:00,-7.186,0.000,0.177,0.000,0.201,0.177,0.201
2019-05-01 07:00:00,-17.593,0.000,0.183,0.000,0.202,0.183,0.202
2019-05-01 07:30:00,19.671,0.000,0.169,0.000,0.203,0.169,0.203
2019-05-01 08:00:00,46.800,0.000,0.165,0.000,0.203,0.165,0.203
2019-05-01 08:30:00,26.872,0.000,0.160,0.000,0.204,0.160,0.204
2019-05-01 09:00:00,8.868,0.000,0.174,0.000,0.205,0.174,0.205
2019-05-01 09:30:00,12.028,0.000,0.175,0.000,0.208,0.175,0.208
2019-05-01 10:00:00,49.970,0.000,0.168,0.000,0.212,0.168,0.212
2019-05-01 10:30:00,36.419,0.000,0.166,0.000,0.214,0.166,0.214
2019-05-01 11:00:00,28.619,0.000,0.166,0.000,0.219,0.166,0.219
2019-05-01 11:30:00,20.206,0.000,0.164,0.000,0.223,0.164,0.223
2019-05-01 12:00:00,11.067,0.000,0.158,0.000,0.223,0.158,0.223
2019-05-01 12:30:00,12.425,0.000,0.158,0.000,0.219,0.158,0.219
2019-05-01 13:00:00,28.678,0.000,0.162,0.000,0.208,0.162,0.208
2019-05-01 13:30:00,41.036,0.000,0.165,0.000,0.202,0.165,0.202
2019-05-01 14:00:00,34.893,0.000,0.159,0.000,0.200,0.159,0.200
2019-05-01 14:30:00,14.376,0.000,0.166,0.000,0.197,0.166,0.197
2019-05-01 15:00:00,6.939,0.000,0.163,0.000,0.191,0.163,0.191
2019-05-01 15:30:00,10.937,0.000,0.160,0.000,0.189,0.160,0.189
2019-05-01 16:00:00,-7.129,0.000,0.163,0.000,0.185,0.163,0.185
2019-05-01 16:30:00,-19.746,0.000,0.166,0.000,0.182,0.166,0.182
2019-05-01 17:00:00,16.489,0.000,0.000,0.000,0.179,0.000,0.179
2019-05-01 17:30:00,-20.573,0.000,0.164,0.000,0.179,0.164,0.179
2019-05-01 18:00:00,-61.681,0.000,0.166,0.000,0.174,0.166,0.174
2019-05-01 18:30:00,-44.032,0.000,0.000,0.000,0.174,0.000,0.174
2019-05-01 19:00:00,19.572,0.000,0.000,0.000,0.174,0.000,0.174
2019-05-01 19:30:00,66.279,0.000,0.000,0.000,0.173,0.000,0.173
2019-05-01 20:00:00,8.853,0.000,0.000,0.000,0.176,0.000,0.176
2019-05-01 20:30:00,2.557,0.000,0.000,0.000,0.176,0.000,0.176
2019-05-01 21:00:00,6.636,0.000,0.000,0.000,0.175,0.000,0.175
2019-05-01 21:30:00,2.744,0.000,0.000,0.000,0.177,0.000,0.177
2019-05-01 22:00:00,11.025,0.000,0.000,0.000,0.178,0.000,0.178
2019-05-01 22:30:00,24.154,0.000,0.000,0.000,0.180,0.000,0.180
2019-05-01 23:00:00,35.678,0.000,0.000,0.000,0.183,0.000,0.183
2019-05-01 23:30:00,12.099,0.000,0.177,0.000,0.223,0.177,0.223
2019-05-02 00:00:00,39.329,0.000,0.210,0.000,0.255,0.210,0.255
2019-05-02 00:30:00,35.873,0.000,0.216,0.000,0.258,0.216,0.258
2019-05-02 01:00:00,32.889,0.000,0.220,0.000,0.258,0.220,0.258
2019-05-02 01:30:00,42.564,0.000,0.212,0.000,0.261,0.212,0.261
2019-05-02 02:00:00,46.248,0.000,0.210,0.000,0.263,0.210,0.263
2019-05-02 02:30:00,53.904,0.000,0.206,0.000,0.264,0.206,0.264
2019-05-02 03:00:00,44.729,0.000,0.215,0.000,0.268,0.215,0.268
2019-05-02 03:30:00,-6.612,0.000,0.249,0.000,0.268,0.249,0.268
2019-05-02 04:00:00,-6.617,0.000,0.251,0.000,0.271,0.251,0.271
2019-05-02 04:30:00,-6.621,0.000,0.253,0.000,0.272,0.253,0.272
2019-05-02 05:00:00,-6.545,0.000,0.253,0.000,0.273,0.253,0.273
2019-05-02 05:30:00,-6.627,0.000,0.255,0.000,0.274,0.255,0.274
2019-05-02 06:00:00,-6.633,0.000,0.257,0.000,0.277,0.257,0.277
2019-05-02 06:30:00,-6.629,0.000,0.258,0.000,0.277,0.258,0.277
2019-05-02 07:00:00,32.694,0.000,0.239,0.000,0.278,0.239,0.278
2019-05-02 07:30:00,25.772,0.000,0.255,0.000,0.282,0.255,0.282
2019-05-02 08:00:00,33.732,0.000,0.242,0.000,0.283,0.242,0.283
2019-05-02 08:30:00,41.051,0.000,0.237,0.000,0.287,0.237,0.287
2019-05-02 09:00:00,29.571,0.000,0.255,0.000,0.289,0.255,0.289
2019-05-02 09:30:00,28.489,0.000,0.258,0.000,0.290,0.258,0.290
2019-05-02 10:00:00,45.562,0.000,0.237,0.000,0.293,0.237,0.293
2019-05-02 10:30:00,31.815,0.000,0.256,0.000,0.294,0.256,0.294
2019-05-02 11:00:00,40.460,0.000,0.242,0.000,0.292,0.242,0.292
2019-05-02 11:30:00,46.044,0.000,0.235,0.000,0.291,0.235,0.291
2019-05-02 12:00:00,29.291,0.000,0.245,0.000,0.279,0.245,0.279
2019-05-02 12:30:00,33.090,0.000,0.217,0.000,0.255,0.217,0.255
2019-05-02 13:00:00,-9.460,0.000,0.187,0.000,0.225,0.187,0.225
2019-05-02 13:30:00,-6.328,0.000,0.177,0.000,0.206,0.177,0.206
2019-05-02 14:00:00,40.255,0.000,0.165,0.000,0.206,0.165,0.206
2019-05-02 14:30:00,26.795,0.000,0.157,0.000,0.206,0.157,0.206
2019-05-02 15:00:00,18.060,0.000,0.145,0.000,0.189,0.145,0.189
2019-05-02 15:30:00,49.274,0.000,0.151,0.000,0.186,0.151,0.186
2019-05-02 16:00:00,46.008,0.000,0.150,0.000,0.184,0.150,0.184
2019-05-02 16:30:00,37.145,0.000,0.000,0.000,0.184,0.000,0.184
2019-05-02 17:00:00,10.632,0.000,0.156,0.000,0.184,0.156,0.184
2019-05-02 17:30:00,25.064,0.000,0.153,0.000,0.184,0.153,0.184
2019-05-02 18:00:00,8.709,0.000,0.156,0.000,0.184,0.156,0.184
2019-05-02 18:30:00,32.945,0.000,0.146,0.000,0.184,0.146,0.184
2019-05-02 19:00:00,49.753,0.000,0.150,0.000,0.184,0.150,0.184
2019-05-02 19:30:00,35.086,0.000,0.000,0.000,0.171,0.000,0.171
2019-05-02 20:00:00,33.274,0.000,0.000,0.000,0.172,0.000,0.172
2019-05-02 20:30:00,27.569,0.000,0.000,0.000,0.173,0.000,0.173
2019-05-02 21:00:00,23.742,0.000,0.000,0.000,0.176,0.000,0.176
2019-05-02 21:30:00,29.845,0.000,0.000,0.000,0.183,0.000,0.183
2019-05-02 22:00:00,32.922,0.000,0.000,0.000,0.181,0.000,0.181
2019-05-02 22:30:00,25.206,0.000,0.000,0.000,0.186,0.000,0.186
2019-05-02 23:00:00,27.370,0.000,0.000,0.000,0.189,0.000,0.189
2019-05-02 23:30:00,43.769,0.000,0.155,0.000,0.196,0.155,0.196
2019-05-03 00:00:00,33.727,0.000,0.159,0.000,0.205,0.159,0.205
2019-05-03 00:30:00,19.818,0.000,0.159,0.000,0.219,0.159,0.219
2019-05-03 01:00:00,15.937,0.000,0.159,0.000,0.226,0.159,0.226
2019-05-03 01:30:00,13.445,0.000,0.159,0.000,0.229,0.159,0.229
2019-05-03 02:00:00,52.063,0.000,0.164,0.000,0.238,0.164,0.238
2019-05-03 02:30:00,65.719,0.000,0.171,0.000,0.246,0.171,0.246
2019-05-03 03:00:00,71.741,0.000,0.187,0.000,0.250,0.187,0.250
2019-05-03 03:30:00,47.479,0.000,0.200,0.000,0.249,0.200,0.249
2019-05-03 04:00:00,86.476,0.000,0.177,0.000,0.247,0.177,0.247
2019-05-03 04:30:00,74.762,0.000,0.175,0.000,0.250,0.175,0.250
2019-05-03 05:00:00,74.607,0.000,0.189,0.000,0.253,0.189,0.253
2019-05-03 05:30:00,46.167,0.000,0.207,0.000,0.258,0.207,0.258
2019-05-03 06:00:00,66.802,0.000,0.197,0.000,0.260,0.197,0.260
2019-05-03 06:30:00,69.572,0.000,0.182,0.000,0.264,0.182,0.264
2019-05-03 07:00:00,52.388,0.000,0.175,0.000,0.266,0.175,0.266
2019-05-03 07:30:00,42.463,0.000,0.169,0.000,0.269,0.169,0.269
2019-05-03 08:00:00,52.490,0.000,0.179,0.000,0.272,0.179,0.272
2019-05-03 08:30:00,87.383,0.000,0.191,0.000,0.269,0.191,0.269
2019-05-03 09:00:00,97.859,0.000,0.201,0.000,0.276,0.201,0.276
2019-05-03 09:30:00,48.060,0.000,0.189,0.000,0.287,0.189,0.287
2019-05-03 10:00:00,78.818,0.000,0.208,0.000,0.288,0.208,0.288
2019-05-03 10:30:00,55.189,0.000,0.231,0.000,0.290,0.231,0.290
2019-05-03 11:00:00,79.263,0.000,0.220,0.000,0.290,0.220,0.290
2019-05-03 11:30:00,79.857,0.000,0.218,0.000,0.288,0.218,0.288
2019-05-03 12:00:00,42.068,0.000,0.237,0.000,0.286,0.237,0.286
2019-05-03 12:30:00,32.598,0.000,0.243,0.000,0.281,0.243,0.281
2019-05-03 13:00:00,56.070,0.000,0.214,0.000,0.272,0.214,0.272
2019-05-03 13:30:00,28.489,0.000,0.229,0.000,0.259,0.229,0.259
2019-05-03 14:00:00,41.237,0.000,0.210,0.000,0.256,0.210,0.256
2019-05-03 14:30:00,35.232,0.000,0.217,0.000,0.256,0.217,0.256
2019-05-03 15:00:00,62.275,0.000,0.194,0.000,0.251,0.194,0.251
2019-05-03 15:30:00,69.840,0.000,0.179,0.000,0.255,0.179,0.255
2019-05-03 16:00:00,64.098,0.000,0.175,0.000,0.249,0.175,0.249
2019-05-03 16:30:00,65.457,0.000,0.182,0.000,0.263,0.182,0.263
2019-05-03 17:00:00,61.025,0.000,0.178,0.000,0.260,0.178,0.260
2019-05-03 17:30:00,90.707,0.000,0.175,0.000,0.238,0.175,0.238
2019-05-03 18:00:00,-9.755,0.000,0.186,0.000,0.221,0.186,0.221
2019-05-03 18:30:00,-4.770,0.000,0.179,0.000,0.211,0.179,0.211
2019-05-03 19:00:00,2.284,0.000,0.177,0.000,0.214,0.177,0.214
2019-05-03 19:30:00,-6.482,0.000,0.183,0.000,0.220,0.183,0.220
2019-05-03 20:00:00,-8.786,0.000,0.181,0.000,0.212,0.181,0.212
2019-05-03 20:30:00,21.882,0.000,0.171,0.000,0.212,0.171,0.212
2019-05-03 21:00:00,-1.819,0.000,0.180,0.000,0.216,0.180,0.216
2019-05-03 21:30:00,-11.851,0.000,0.182,0.000,0.211,0.182,0.211
2019-05-03 22:00:00,-9.837,0.000,0.182,0.000,0.212,0.182,0.212
2019-05-03 22:30:00,-61.070,0.000,0.196,0.000,0.210,0.196,0.210
2019-05-03 23:00:00,-21.832,0.000,0.191,0.000,0.215,0.191,0.215
2019-05-03 23:30:00,-10.947,0.000,0.188,0.000,0.223,0.188,0.223
2019-05-04 00:00:00,-0.815,0.000,0.185,0.000,0.229,0.185,0.229
2019-05-04 00:30:00,73.120,0.000,0.177,0.000,0.234,0.177,0.234
2019-05-04 01:00:00,34.239,0.000,0.206,0.000,0.241,0.206,0.241
2019-05-04 01:30:00,35.545,0.000,0.208,0.000,0.246,0.208,0.246
2019-05-04 02:00:00,50.442,0.000,0.197,0.000,0.248,0.197,0.248
2019-05-04 02:30:00,39.741,0.000,0.204,0.000,0.248,0.204,0.248
2019-05-04 03:00:00,30.217,0.000,0.217,0.000,0.250,0.217,0.250
2019-05-04 03:30:00,51.193,0.000,0.199,0.000,0.254,0.199,0.254
2019-05-04 04:00:00,81.496,0.000,0.188,0.000,0.258,0.188,0.258
2019-05-04 04:30:00,52.457,0.000,0.207,0.000,0.263,0.207,0.263
2019-05-04 05:00:00,74.506,0.000,0.197,0.000,0.265,0.197,0.265
2019-05-04 05:30:00,48.636,0.000,0.211,0.000,0.265,0.211,0.265
2019-05-04 06:00:00,37.419,0.000,0.224,0.000,0.267,0.224,0.267
2019-05-04 06:30:00,28.206,0.000,0.238,0.000,0.267,0.238,0.267
2019-05-04 07:00:00,-6.638,0.000,0.250,0.000,0.269,0.250,0.269
2019-05-04 07:30:00,-6.697,0.000,0.256,0.000,0.276,0.256,0.276
2019-05-04 08:00:00,-6.291,0.000,0.259,0.000,0.282,0.259,0.282
2019-05-04 08:30:00,29.911,0.000,0.252,0.000,0.285,0.252,0.285
2019-05-04 09:00:00,28.483,0.000,0.255,0.000,0.286,0.255,0.286
2019-05-04 09:30:00,35.922,0.000,0.244,0.000,0.286,0.244,0.286
2019-05-04 10:00:00,61.368,0.000,0.221,0.000,0.287,0.221,0.287
2019-05-04 10:30:00,56.069,0.000,0.225,0.000,0.287,0.225,0.287
2019-05-04 11:00:00,41.282,0.000,0.238,0.000,0.287,0.238,0.287
2019-05-04 11:30:00,91.082,0.000,0.208,0.000,0.288,0.208,0.288
2019-05-04 12:00:00,45.870,0.000,0.234,0.000,0.289,0.234,0.289
2019-05-04 12:30:00,-6.492,0.000,0.266,0.000,0.287,0.266,0.287
2019-05-04 13:00:00,-6.697,0.000,0.256,0.000,0.276,0.256,0.276
2019-05-04 13:30:00,-6.685,0.000,0.252,0.000,0.271,0.252,0.271
2019-05-04 14:00:00,28.829,0.000,0.237,0.000,0.267,0.237,0.267
2019-05-04 14:30:00,-6.679,0.000,0.249,0.000,0.268,0.249,0.268
2019-05-04 15:00:00,31.710,0.000,0.235,0.000,0.270,0.235,0.270
2019-05-04 15:30:00,41.565,0.000,0.212,0.000,0.259,0.212,0.259
2019-05-04 16:00:00,44.129,0.000,0.204,0.000,0.252,0.204,0.252
2019-05-04 16:30:00,38.088,0.000,0.203,0.000,0.242,0.203,0.242
2019-05-04 17:00:00,42.761,0.000,0.191,0.000,0.233,0.191,0.233
2019-05-04 17:30:00,-8.647,0.000,0.186,0.000,0.228,0.186,0.228
2019-05-04 18:00:00,-19.367,0.000,0.186,0.000,0.227,0.186,0.227
2019-05-04 18:30:00,-56.775,0.000,0.199,0.000,0.224,0.199,0.224
2019-05-04 19:00:00,-55.280,0.000,0.189,0.000,0.217,0.189,0.217
2019-05-04 19:30:00,-52.680,0.000,0.183,0.000,0.213,0.183,0.213
2019-05-04 20:00:00,-52.556,0.000,0.180,0.000,0.208,0.180,0.208
2019-05-04 20:30:00,-14.292,0.000,0.176,0.000,0.212,0.176,0.212
2019-05-04 21:00:00,-52.232,0.000,0.185,0.000,0.220,0.185,0.220
2019-05-04 21:30:00,-51.639,0.000,0.184,0.000,0.219,0.184,0.219
2019-05-04 22:00:00,8.161,0.000,0.169,0.000,0.223,0.169,0.223
2019-05-04 22:30:00,59.176,0.000,0.167,0.000,0.229,0.167,0.229
2019-05-04 23:00:00,91.677,0.000,0.167,0.000,0.251,0.167,0.251
2019-05-04 23:30:00,67.292,0.000,0.184,0.000,0.267,0.184,0.267
2019-05-05 00:00:00,38.258,0.000,0.215,0.000,0.280,0.215,0.280
2019-05-05 00:30:00,52.787,0.000,0.209,0.000,0.287,0.209,0.287
2019-05-05 01:00:00,45.429,0.000,0.217,0.000,0.290,0.217,0.290
2019-05-05 01:30:00,36.764,0.000,0.227,0.000,0.291,0.227,0.291
2019-05-05 02:00:00,-3.246,0.000,0.251,0.000,0.294,0.251,0.294
2019-05-05 02:30:00,-3.009,0.000,0.250,0.000,0.296,0.250,0.296
2019-05-05 03:00:00,35.643,0.000,0.236,0.000,0.299,0.236,0.299
2019-05-05 03:30:00,-2.859,0.000,0.254,0.000,0.301,0.254,0.301
2019-05-05 04:00:00,30.099,0.000,0.249,0.000,0.304,0.249,0.304
2019-05-05 04:30:00,49.422,0.000,0.226,0.000,0.305,0.226,0.305
2019-05-05 05:00:00,43.029,0.000,0.233,0.000,0.307,0.233,0.307
2019-05-05 05:30:00,34.524,0.000,0.243,0.000,0.306,0.243,0.306
2019-05-05 06:00:00,32.989,0.000,0.246,0.000,0.307,0.246,0.307
2019-05-05 06:30:00,-4.511,0.000,0.278,0.000,0.310,0.278,0.310
2019-05-05 07:00:00,-3.144,0.000,0.271,0.000,0.315,0.271,0.315
2019-05-05 07:30:00,-5.272,0.000,0.292,0.000,0.316,0.292,0.316
2019-05-05 08:00:00,-2.804,0.000,0.271,0.000,0.319,0.271,0.319
2019-05-05 08:30:00,-2.547,0.000,0.277,0.000,0.327,0.277,0.327
2019-05-05 09:00:00,37.747,0.000,0.260,0.000,0.334,0.260,0.334
2019-05-05 09:30:00,44.322,0.000,0.257,0.000,0.340,0.257,0.340
2019-05-05 10:00:00,35.791,0.000,0.269,0.000,0.343,0.269,0.343
2019-05-05 10:30:00,41.810,0.000,0.263,0.000,0.343,0.263,0.343
2019-05-05 11:00:00,63.596,0.000,0.246,0.000,0.347,0.246,0.347
2019-05-05 11:30:00,68.191,0.000,0.243,0.000,0.348,0.243,0.348
2019-05-05 12:00:00,66.294,0.000,0.243,0.000,0.347,0.243,0.347
2019-05-05 12:30:00,32.824,0.000,0.277,0.000,0.347,0.277,0.347
2019-05-05 13:00:00,41.827,0.000,0.263,0.000,0.348,0.263,0.348
2019-05-05 13:30:00,41.586,0.000,0.265,0.000,0.350,0.265,0.350
2019-05-05 14:00:00,44.473,0.000,0.260,0.000,0.348,0.260,0.348
2019-05-05 14:30:00,-2.879,0.000,0.295,0.000,0.343,0.295,0.343
2019-05-05 15:00:00,-1.192,0.000,0.279,0.000,0.342,0.279,0.342
2019-05-05 15:30:00,-1.741,0.000,0.278,0.000,0.336,0.278,0.336
2019-05-05 16:00:00,33.631,0.000,0.258,0.000,0.327,0.258,0.327
2019-05-05 16:30:00,43.101,0.000,0.234,0.000,0.316,0.234,0.316
2019-05-05 17:00:00,82.304,0.000,0.203,0.000,0.310,0.203,0.310
2019-05-05 17:30:00,59.130,0.000,0.207,0.000,0.298,0.207,0.298
2019-05-05 18:00:00,53.200,0.000,0.205,0.000,0.290,0.205,0.290
2019-05-05 18:30:00,83.746,0.000,0.177,0.000,0.284,0.177,0.284
2019-05-05 19:00:00,75.090,0.000,0.188,0.000,0.281,0.188,0.281
2019-05-05 19:30:00,77.344,0.000,0.173,0.000,0.282,0.173,0.282
2019-05-05 20:00:00,71.257,0.000,0.187,0.000,0.279,0.187,0.279
2019-05-05 20:30:00,59.034,0.000,0.159,0.000,0.265,0.159,0.265
2019-05-05 21:00:00,72.453,0.000,0.161,0.000,0.258,0.161,0.258
2019-05-05 21:30:00,72.382,0.000,0.161,0.000,0.255,0.161,0.255
2019-05-05 22:00:00,83.506,0.000,0.163,0.000,0.255,0.163,0.255
2019-05-05 22:30:00,64.091,0.000,0.158,0.000,0.254,0.158,0.254
2019-05-05 23:00:00,85.953,0.000,0.164,0.000,0.254,0.164,0.254
2019-05-05 23:30:00,88.057,0.000,0.170,0.000,0.259,0.170,0.259
2019-05-06 00:00:00,42.529,0.000,0.190,0.000,0.259,0.190,0.259
2019-05-06 00:30:00,38.460,0.000,0.200,0.000,0.267,0.200,0.267
2019-05-06 01:00:00,48.269,0.000,0.202,0.000,0.282,0.202,0.282
2019-05-06 01:30:00,55.420,0.000,0.206,0.000,0.295,0.206,0.295
2019-05-06 02:00:00,49.276,0.000,0.218,0.000,0.304,0.218,0.304
2019-05-06 02:30:00,48.267,0.000,0.226,0.000,0.313,0.226,0.313
2019-05-06 03:00:00,-1.852,0.000,0.268,0.000,0.325,0.268,0.325
2019-05-06 03:30:00,-1.392,0.000,0.269,0.000,0.331,0.269,0.331
2019-05-06 04:00:00,-1.602,0.000,0.276,0.000,0.335,0.276,0.335
2019-05-06 04:30:00,-3.564,0.000,0.302,0.000,0.343,0.302,0.343
2019-05-06 05:00:00,-4.804,0.000,0.320,0.000,0.349,0.320,0.349
2019-05-06 05:30:00,-5.015,0.000,0.331,0.000,0.358,0.331,0.358
2019-05-06 06:00:00,-2.182,0.000,0.308,0.000,0.362,0.308,0.362
2019-05-06 06:30:00,37.312,0.000,0.285,0.000,0.368,0.285,0.368
2019-05-06 07:00:00,35.500,0.000,0.292,0.000,0.373,0.292,0.373
2019-05-06 07:30:00,-4.112,0.000,0.338,0.000,0.374,0.338,0.374
2019-05-06 08:00:00,35.318,0.000,0.300,0.000,0.382,0.300,0.382
2019-05-06 08:30:00,71.321,0.000,0.263,0.000,0.384,0.263,0.384
2019-05-06 09:00:00,47.446,0.000,0.286,0.000,0.387,0.286,0.387
2019-05-06 09:30:00,39.892,0.000,0.300,0.000,0.392,0.300,0.392
2019-05-06 10:00:00,40.606,0.000,0.300,0.000,0.393,0.300,0.393
2019-05-06 10:30:00,-0.522,0.000,0.327,0.000,0.396,0.327,0.396
2019-05-06 11:00:00,59.121,0.000,0.284,0.000,0.401,0.284,0.401
2019-05-06 11:30:00,98.574,0.000,0.257,0.000,0.398,0.257,0.398
2019-05-06 12:00:00,98.712,0.000,0.242,0.000,0.381,0.242,0.381
2019-05-06 12:30:00,48.126,0.000,0.264,0.000,0.364,0.264,0.364
2019-05-06 13:00:00,39.636,0.000,0.244,0.000,0.326,0.244,0.326
2019-05-06 13:30:00,51.269,0.000,0.208,0.000,0.293,0.208,0.293
2019-05-06 14:00:00,31.769,0.000,0.219,0.000,0.277,0.219,0.277
2019-05-06 14:30:00,35.337,0.000,0.201,0.000,0.258,0.201,0.258
2019-05-06 15:00:00,35.250,0.000,0.185,0.000,0.235,0.185,0.235
2019-05-06 15:30:00,-2.771,0.000,0.175,0.000,0.218,0.175,0.218
2019-05-06 16:00:00,44.140,0.000,0.000,0.000,0.209,0.000,0.209
2019-05-06 16:30:00,18.235,0.000,0.000,0.000,0.205,0.000,0.205
2019-05-06 17:00:00,24.468,0.000,0.000,0.000,0.205,0.000,0.205
2019-05-06 17:30:00,27.903,0.000,0.000,0.000,0.205,0.000,0.205
2019-05-06 18:00:00,33.591,0.000,0.000,0.000,0.205,0.000,0.205
2019-05-06 18:30:00,36.897,0.000,0.000,0.000,0.205,0.000,0.205
2019-05-06 19:00:00,69.812,0.000,0.000,0.000,0.197,0.000,0.197
2019-05-06 19:30:00,34.402,0.000,0.000,0.000,0.197,0.000,0.197
2019-05-06 20:00:00,54.205,0.000,0.000,0.000,0.194,0.000,0.194
2019-05-06 20:30:00,66.339,0.000,0.000,0.000,0.194,0.000,0.194
2019-05-06 21:00:00,-1.359,0.000,0.000,0.000,0.000,0.000,0.000
2019-05-06 21:30:00,25.898,0.000,0.000,0.000,0.000,0.000,0.000
2019-05-06 22:00:00,36.480,0.000,0.000,0.000,0.000,0.000,0.000
2019-05-06 22:30:00,21.529,0.000,0.000,0.000,0.000,0.000,0.000
2019-05-06 23:00:00,19.367,0.000,0.000,0.000,0.000,0.000,0.000
2019-05-06 23:30:00,37.623,0.000,0.000,0.000,0.197,0.000,0.197
2019-05-07 00:00:00,23.056,0.000,0.000,0.000,0.200,0.000,0.200
2019-05-07 00:30:00,41.693,0.000,0.000,0.000,0.202,0.000,0.202
2019-05-07 01:00:00,24.908,0.000,0.000,0.000,0.204,0.000,0.204
2019-05-07 01:30:00,12.644,0.000,0.000,0.000,0.206,0.000,0.206
2019-05-07 02:00:00,5.549,0.000,0.000,0.000,0.207,0.000,0.207
2019-05-07 02:30:00,45.790,0.000,0.000,0.000,0.209,0.000,0.209
2019-05-07 03:00:00,39.251,0.000,0.000,0.000,0.212,0.000,0.212
2019-05-07 03:30:00,80.778,0.000,0.000,0.000,0.217,0.000,0.217
2019-05-07 04:00:00,90.551,0.000,0.161,0.000,0.229,0.161,0.229
2019-05-07 04:30:00,63.435,0.000,0.158,0.000,0.242,0.158,0.242
2019-05-07 05:00:00,76.949,0.000,0.163,0.000,0.249,0.163,0.249
2019-05-07 05:30:00,66.372,0.000,0.162,0.000,0.256,0.162,0.256
2019-05-07 06:00:00,57.823,0.000,0.161,0.000,0.268,0.161,0.268
2019-05-07 06:30:00,86.919,0.000,0.180,0.000,0.282,0.180,0.282
2019-05-07 07:00:00,78.099,0.000,0.185,0.000,0.296,0.185,0.296
2019-05-07 07:30:00,58.724,0.000,0.177,0.000,0.300,0.177,0.300
2019-05-07 08:00:00,86.732,0.000,0.191,0.000,0.301,0.191,0.301
2019-05-07 08:30:00,63.003,0.000,0.217,0.000,0.312,0.217,0.312
2019-05-07 09:00:00,70.665,0.000,0.217,0.000,0.317,0.217,0.317
2019-05-07 09:30:00,69.488,0.000,0.221,0.000,0.322,0.221,0.322
2019-05-07 10:00:00,55.876,0.000,0.237,0.000,0.332,0.237,0.332
2019-05-07 10:30:00,56.561,0.000,0.242,0.000,0.338,0.242,0.338
2019-05-07 11:00:00,64.032,0.000,0.239,0.000,0.342,0.239,0.342
2019-05-07 11:30:00,38.981,0.000,0.266,0.000,0.343,0.266,0.343
2019-05-07 12:00:00,34.185,0.000,0.263,0.000,0.330,0.263,0.330
2019-05-07 12:30:00,61.489,0.000,0.213,0.000,0.305,0.213,0.305
2019-05-07 13:00:00,49.319,0.000,0.198,0.000,0.272,0.198,0.272
2019-05-07 13:30:00,46.635,0.000,0.185,0.000,0.250,0.185,0.250
2019-05-07 14:00:00,37.973,0.000,0.178,0.000,0.222,0.178,0.222
2019-05-07 14:30:00,-12.225,0.000,0.171,0.000,0.204,0.171,0.204
2019-05-07 15:00:00,27.902,0.000,0.000,0.000,0.193,0.000,0.193
2019-05-07 15:30:00,19.941,0.000,0.000,0.000,0.188,0.000,0.188
2019-05-07 16:00:00,27.982,0.000,0.000,0.000,0.185,0.000,0.185
2019-05-07 16:30:00,55.615,0.000,0.000,0.000,0.185,0.000,0.185
2019-05-07 17:00:00,52.515,0.000,0.000,0.000,0.182,0.000,0.182
2019-05-07 17:30:00,33.459,0.000,0.000,0.000,0.000,0.000,0.000
2019-05-07 18:00:00,52.444,0.000,0.000,0.000,0.000,0.000,0.000
2019-05-07 18:30:00,-10.469,0.000,0.000,0.000,0.000,0.000,0.000
2019-05-07 19:00:00,3.864,0.000,0.000,0.000,0.000,0.000,0.000
2019-05-07 19:30:00,49.391,0.000,0.000,0.000,0.000,0.000,0.000
2019-05-07 20:00:00,41.557,0.000,0.000,0.000,0.000,0.000,0.000
2019-05-07 20:30:00,47.676,0.000,0.000,0.000,0.000,0.000,0.000
2019-05-07 21:00:00,17.873,0.000,0.000,0.000,0.000,0.000,0.000
2019-05-07 21:30:00,38.534,0.000,0.000,0.000,0.000,0.000,0.000
2019-05-07 22:00:00,14.499,0.000,0.000,0.000,0.000,0.000,0.000
2019-05-07 22:30:00,-9.885,0.000,0.000,0.000,0.000,0.000,0.000
2019-05-07 23:00:00,5.802,0.000,0.000,0.000,0.000,0.000,0.000
2019-05-07 23:30:00,20.111,0.000,0.000,0.000,0.177,0.000,0.177
2019-05-08 00:00:00,47.125,0.000,0.000,0.000,0.180,0.000,0.180
2019-05-08 00:30:00,25.245,0.000,0.000,0.000,0.182,0.000,0.182
2019-05-08 01:00:00,22.088,0.000,0.000,0.000,0.187,0.000,0.187
2019-05-08 01:30:00,44.911,0.000,0.000,0.000,0.191,0.000,0.191
2019-05-08 02:00:00,7.257,0.000,0.157,0.000,0.193,0.157,0.193
2019-05-08 02:30:00,60.114,0.000,0.000,0.000,0.196,0.000,0.196
2019-05-08 03:00:00,72.052,0.000,0.000,0.000,0.199,0.000,0.199
2019-05-08 03:30:00,-2.470,0.000,0.167,0.000,0.202,0.167,0.202
2019-05-08 04:00:00,-57.758,0.000,0.188,0.000,0.205,0.188,0.205
2019-05-08 04:30:00,-20.447,0.000,0.183,0.000,0.212,0.183,0.212
2019-05-08 05:00:00,-55.000,0.000,0.192,0.000,0.222,0.192,0.222
2019-05-08 05:30:00,44.476,0.000,0.178,0.000,0.230,0.178,0.230
2019-05-08 06:00:00,45.390,0.000,0.181,0.000,0.239,0.181,0.239
2019-05-08 06:30:00,38.747,0.000,0.192,0.000,0.246,0.192,0.246
2019-05-08 07:00:00,82.323,0.000,0.175,0.000,0.255,0.175,0.255
2019-05-08 07:30:00,43.192,0.000,0.199,0.000,0.261,0.199,0.261
2019-05-08 08:00:00,29.278,0.000,0.223,0.000,0.269,0.223,0.269
2019-05-08 08:30:00,43.059,0.000,0.212,0.000,0.279,0.212,0.279
2019-05-08 09:00:00,63.777,0.000,0.203,0.000,0.286,0.203,0.286
2019-05-08 09:30:00,48.857,0.000,0.218,0.000,0.293,0.218,0.293
2019-05-08 10:00:00,77.058,0.000,0.206,0.000,0.299,0.206,0.299
2019-05-08 10:30:00,44.772,0.000,0.229,0.000,0.303,0.229,0.303
2019-05-08 11:00:00,52.291,0.000,0.225,0.000,0.307,0.225,0.307
2019-05-08 11:30:00,64.334,0.000,0.218,0.000,0.309,0.218,0.309
2019-05-08 12:00:00,72.921,0.000,0.209,0.000,0.302,0.209,0.302
2019-05-08 12:30:00,67.455,0.000,0.198,0.000,0.283,0.198,0.283
2019-05-08 13:00:00,63.725,0.000,0.179,0.000,0.253,0.179,0.253
2019-05-08 13:30:00,67.569,0.000,0.171,0.000,0.235,0.171,0.235
2019-05-08 14:00:00,51.824,0.000,0.172,0.000,0.223,0.172,0.223
2019-05-08 14:30:00,-13.382,0.000,0.174,0.000,0.205,0.174,0.205
2019-05-08 15:00:00,-22.569,0.000,0.173,0.000,0.196,0.173,0.196
2019-05-08 15:30:00,9.269,0.000,0.155,0.000,0.190,0.155,0.190
2019-05-08 16:00:00,26.486,0.000,0.000,0.000,0.184,0.000,0.184
2019-05-08 16:30:00,12.010,0.000,0.000,0.000,0.175,0.000,0.175
2019-05-08 17:00:00,21.804,0.000,0.000,0.000,0.170,0.000,0.170
2019-05-08 17:30:00,41.508,0.000,0.000,0.000,0.169,0.000,0.169
2019-05-08 18:00:00,45.027,0.000,0.000,0.000,0.000,0.000,0.000
2019-05-08 18:30:00,34.108,0.000,0.000,0.000,0.000,0.000,0.000
2019-05-08 19:00:00,18.508,0.000,0.000,0.000,0.000,0.000,0.000
2019-05-08 19:30:00,4.665,0.000,0.000,0.000,0.000,0.000,0.000
2019-05-08 20:00:00,51.659,0.000,0.000,0.000,0.000,0.000,0.000
2019-05-08 20:30:00,2.395,0.000,0.000,0.000,0.000,0.000,0.000
2019-05-08 21:00:00,29.997,0.000,0.000,0.000,0.000,0.000,0.000
2019-05-08 21:30:00,45.142,0.000,0.000,0.000,0.000,0.000,0.000
2019-05-08 22:00:00,38.192,0.000,0.000,0.000,0.000,0.000,0.000
2019-05-08 22:30:00,-2.179,0.000,0.000,0.000,0.000,0.000,0.000
2019-05-08 23:00:00,48.895,0.000,0.000,0.000,0.000,0.000,0.000
2019-05-08 23:30:00,40.129,0.000,0.000,0.000,0.000,0.000,0.000
2019-05-09 00:00:00,-7.960,0.000,0.000,0.000,0.000,0.000,0.000
2019-05-09 00:30:00,22.944,0.000,0.000,0.000,0.176,0.000,0.176
2019-05-09 01:00:00,44.643,0.000,0.000,0.000,0.180,0.000,0.180
2019-05-09 01:30:00,29.732,0.000,0.000,0.000,0.183,0.000,0.183
2019-05-09 02:00:00,39.717,0.000,0.000,0.000,0.186,0.000,0.186
2019-05-09 02:30:00,66.328,0.000,0.000,0.000,0.189,0.000,0.189
2019-05-09 03:00:00,57.082,0.000,0.000,0.000,0.191,0.000,0.191
2019-05-09 03:30:00,39.361,0.000,0.000,0.000,0.193,0.000,0.193
2019-05-09 04:00:00,38.159,0.000,0.000,0.000,0.195,0.000,0.195
2019-05-09 04:30:00,-12.806,0.000,0.168,0.000,0.196,0.168,0.196
2019-05-09 05:00:00,24.560,0.000,0.156,0.000,0.198,0.156,0.198
2019-05-09 05:30:00,-5.770,0.000,0.165,0.000,0.198,0.165,0.198
2019-05-09 06:00:00,-4.435,0.000,0.164,0.000,0.197,0.164,0.197
2019-05-09 06:30:00,-21.754,0.000,0.174,0.000,0.198,0.174,0.198
2019-05-09 07:00:00,-55.909,0.000,0.178,0.000,0.198,0.178,0.198
2019-05-09 07:30:00,-22.606,0.000,0.176,0.000,0.199,0.176,0.199
2019-05-09 08:00:00,-55.108,0.000,0.178,0.000,0.199,0.178,0.199
2019-05-09 08:30:00,-2.385,0.000,0.166,0.000,0.201,0.166,0.201
2019-05-09 09:00:00,20.658,0.000,0.161,0.000,0.204,0.161,0.204
2019-05-09 09:30:00,19.794,0.000,0.163,0.000,0.208,0.163,0.208
2019-05-09 10:00:00,2.585,0.000,0.170,0.000,0.211,0.170,0.211
2019-05-09 10:30:00,4.039,0.000,0.170,0.000,0.214,0.170,0.214
2019-05-09 11:00:00,43.325,0.000,0.162,0.000,0.218,0.162,0.218
2019-05-09 11:30:00,11.554,0.000,0.169,0.000,0.219,0.169,0.219
2019-05-09 12:00:00,28.438,0.000,0.164,0.000,0.216,0.164,0.216
2019-05-09 12:30:00,55.881,0.000,0.160,0.000,0.215,0.160,0.215
2019-05-09 13:00:00,21.400,0.000,0.166,0.000,0.216,0.166,0.216
2019-05-09 13:30:00,33.998,0.000,0.155,0.000,0.218,0.155,0.218
2019-05-09 14:00:00,87.420,0.000,0.162,0.000,0.230,0.162,0.230
2019-05-09 14:30:00,49.181,0.000,0.177,0.000,0.236,0.177,0.236
2019-05-09 15:00:00,32.079,0.000,0.195,0.000,0.239,0.195,0.239
2019-05-09 15:30:00,41.982,0.000,0.189,0.000,0.245,0.189,0.245
2019-05-09 16:00:00,41.243,0.000,0.195,0.000,0.253,0.195,0.253
2019-05-09 16:30:00,42.632,0.000,0.203,0.000,0.265,0.203,0.265
2019-05-09 17:00:00,31.803,0.000,0.225,0.000,0.275,0.225,0.275
2019-05-09 17:30:00,35.829,0.000,0.226,0.000,0.283,0.226,0.283
2019-05-09 18:00:00,41.416,0.000,0.230,0.000,0.295,0.230,0.295
2019-05-09 18:30:00,30.464,0.000,0.247,0.000,0.297,0.247,0.297
2019-05-09 19:00:00,-4.353,0.000,0.254,0.000,0.289,0.254,0.289
2019-05-09 19:30:00,-6.017,0.000,0.261,0.000,0.281,0.261,0.281
2019-05-09 20:00:00,-6.039,0.000,0.259,0.000,0.278,0.259,0.278
2019-05-09 20:30:00,28.415,0.000,0.219,0.000,0.265,0.219,0.265
2019-05-09 21:00:00,-4.570,0.000,0.223,0.000,0.254,0.223,0.254
2019-05-09 21:30:00,36.095,0.000,0.196,0.000,0.251,0.196,0.251
2019-05-09 22:00:00,32.063,0.000,0.200,0.000,0.250,0.200,0.250
2019-05-09 22:30:00,-3.511,0.000,0.205,0.000,0.246,0.205,0.246
2019-05-09 23:00:00,-5.315,0.000,0.221,0.000,0.245,0.221,0.245
2019-05-09 23:30:00,-5.505,0.000,0.222,0.000,0.245,0.222,0.245
2019-05-10 00:00:00,33.337,0.000,0.196,0.000,0.247,0.196,0.247
2019-05-10 00:30:00,33.852,0.000,0.198,0.000,0.251,0.198,0.251
2019-05-10 01:00:00,-3.311,0.000,0.215,0.000,0.258,0.215,0.258
2019-05-10 01:30:00,-3.509,0.000,0.223,0.000,0.264,0.223,0.264
2019-05-10 02:00:00,50.152,0.000,0.198,0.000,0.270,0.198,0.270
2019-05-10 02:30:00,68.906,0.000,0.191,0.000,0.273,0.191,0.273
2019-05-10 03:00:00,84.290,0.000,0.180,0.000,0.275,0.180,0.275
2019-05-10 03:30:00,91.517,0.000,0.187,0.000,0.278,0.187,0.278
2019-05-10 04:00:00,73.330,0.000,0.193,0.000,0.280,0.193,0.280
2019-05-10 04:30:00,70.711,0.000,0.179,0.000,0.282,0.179,0.282
2019-05-10 05:00:00,67.149,0.000,0.180,0.000,0.285,0.180,0.285
2019-05-10 05:30:00,53.597,0.000,0.175,0.000,0.289,0.175,0.289
2019-05-10 06:00:00,81.156,0.000,0.189,0.000,0.293,0.189,0.293
2019-05-10 06:30:00,75.987,0.000,0.186,0.000,0.290,0.186,0.290
2019-05-10 07:00:00,92.900,0.000,0.190,0.000,0.290,0.190,0.290
2019-05-10 07:30:00,71.995,0.000,0.200,0.000,0.289,0.200,0.289
2019-05-10 08:00:00,79.585,0.000,0.196,0.000,0.287,0.196,0.287
2019-05-10 08:30:00,59.792,0.000,0.203,0.000,0.286,0.203,0.286
2019-05-10 09:00:00,42.748,0.000,0.216,0.000,0.286,0.216,0.286
2019-05-10 09:30:00,35.847,0.000,0.225,0.000,0.286,0.225,0.286
2019-05-10 10:00:00,-3.335,0.000,0.245,0.000,0.288,0.245,0.288
2019-05-10 10:30:00,33.461,0.000,0.234,0.000,0.294,0.234,0.294
2019-05-10 11:00:00,49.390,0.000,0.220,0.000,0.299,0.220,0.299
2019-05-10 11:30:00,48.825,0.000,0.220,0.000,0.299,0.220,0.299
2019-05-10 12:00:00,41.376,0.000,0.223,0.000,0.294,0.223,0.294
2019-05-10 12:30:00,41.835,0.000,0.219,0.000,0.289,0.219,0.289
2019-05-10 13:00:00,46.634,0.000,0.206,0.000,0.278,0.206,0.278
2019-05-10 13:30:00,74.967,0.000,0.186,0.000,0.272,0.186,0.272
2019-05-10 14:00:00,94.267,0.000,0.179,0.000,0.268,0.179,0.268
2019-05-10 14:30:00,81.736,0.000,0.177,0.000,0.261,0.177,0.261
2019-05-10 15:00:00,48.948,0.000,0.173,0.000,0.241,0.173,0.241
2019-05-10 15:30:00,71.036,0.000,0.164,0.000,0.239,0.164,0.239
2019-05-10 16:00:00,54.404,0.000,0.179,0.000,0.260,0.179,0.260
2019-05-10 16:30:00,53.725,0.000,0.180,0.000,0.261,0.180,0.261
2019-05-10 17:00:00,50.363,0.000,0.175,0.000,0.249,0.175,0.249
2019-05-10 17:30:00,67.333,0.000,0.166,0.000,0.242,0.166,0.242
2019-05-10 18:00:00,53.582,0.000,0.170,0.000,0.241,0.170,0.241
2019-05-10 18:30:00,10.633,0.000,0.166,0.000,0.224,0.166,0.224
2019-05-10 19:00:00,62.220,0.000,0.163,0.000,0.228,0.163,0.228
2019-05-10 19:30:00,58.090,0.000,0.163,0.000,0.224,0.163,0.224
2019-05-10 20:00:00,45.775,0.000,0.156,0.000,0.219,0.156,0.219
2019-05-10 20:30:00,37.791,0.000,0.158,0.000,0.221,0.158,0.221
2019-05-10 21:00:00,67.833,0.000,0.162,0.000,0.231,0.162,0.231
2019-05-10 21:30:00,68.222,0.000,0.153,0.000,0.237,0.153,0.237
2019-05-10 22:00:00,84.583,0.000,0.157,0.000,0.240,0.157,0.240
2019-05-10 22:30:00,96.941,0.000,0.161,0.000,0.245,0.161,0.245
2019-05-10 23:00:00,66.717,0.000,0.171,0.000,0.256,0.171,0.256
2019-05-10 23:30:00,58.285,0.000,0.181,0.000,0.266,0.181,0.266
2019-05-11 00:00:00,70.266,0.000,0.181,0.000,0.276,0.181,0.276
2019-05-11 00:30:00,62.624,0.000,0.191,0.000,0.287,0.191,0.287
2019-05-11 01:00:00,56.550,0.000,0.200,0.000,0.296,0.200,0.296
2019-05-11 01:30:00,53.810,0.000,0.207,0.000,0.304,0.207,0.304
2019-05-11 02:00:00,98.311,0.000,0.193,0.000,0.318,0.193,0.318
2019-05-11 02:30:00,102.016,0.000,0.203,0.000,0.331,0.203,0.331
2019-05-11 03:00:00,61.956,0.000,0.228,0.000,0.341,0.228,0.341
2019-05-11 03:30:00,49.947,0.000,0.245,0.000,0.348,0.245,0.348
2019-05-11 04:00:00,65.074,0.000,0.238,0.000,0.354,0.238,0.354
2019-05-11 04:30:00,105.383,0.000,0.228,0.000,0.360,0.228,0.360
2019-05-11 05:00:00,51.037,0.000,0.258,0.000,0.363,0.258,0.363
2019-05-11 05:30:00,-0.314,0.000,0.295,0.000,0.364,0.295,0.364
2019-05-11 06:00:00,-2.589,0.000,0.320,0.000,0.367,0.320,0.367
2019-05-11 06:30:00,38.272,0.000,0.278,0.000,0.369,0.278,0.369
2019-05-11 07:00:00,39.363,0.000,0.278,0.000,0.371,0.278,0.371
2019-05-11 07:30:00,41.811,0.000,0.274,0.000,0.371,0.274,0.371
2019-05-11 08:00:00,0.439,0.000,0.295,0.000,0.371,0.295,0.371
2019-05-11 08:30:00,35.197,0.000,0.286,0.000,0.372,0.286,0.372
2019-05-11 09:00:00,-0.516,0.000,0.305,0.000,0.372,0.305,0.372
2019-05-11 09:30:00,-4.702,0.000,0.345,0.000,0.372,0.345,0.372
2019-05-11 10:00:00,-0.875,0.000,0.308,0.000,0.371,0.308,0.371
2019-05-11 10:30:00,39.307,0.000,0.278,0.000,0.371,0.278,0.371
2019-05-11 11:00:00,36.634,0.000,0.282,0.000,0.371,0.282,0.371
2019-05-11 11:30:00,38.284,0.000,0.279,0.000,0.371,0.279,0.371
2019-05-11 12:00:00,34.584,0.000,0.286,0.000,0.371,0.286,0.371
2019-05-11 12:30:00,-0.848,0.000,0.305,0.000,0.369,0.305,0.369
2019-05-11 13:00:00,-0.496,0.000,0.297,0.000,0.364,0.297,0.364
2019-05-11 13:30:00,-2.547,0.000,0.309,0.000,0.357,0.309,0.357
2019-05-11 14:00:00,-2.806,0.000,0.305,0.000,0.351,0.305,0.351
2019-05-11 14:30:00,-0.851,0.000,0.279,0.000,0.343,0.279,0.343
2019-05-11 15:00:00,-2.811,0.000,0.296,0.000,0.342,0.296,0.342
2019-05-11 15:30:00,-1.515,0.000,0.273,0.000,0.330,0.273,0.330
2019-05-11 16:00:00,-1.896,0.000,0.267,0.000,0.321,0.267,0.321
2019-05-11 16:30:00,36.679,0.000,0.233,0.000,0.311,0.233,0.311
2019-05-11 17:00:00,-1.432,0.000,0.238,0.000,0.295,0.238,0.295
2019-05-11 17:30:00,-1.293,0.000,0.216,0.000,0.274,0.216,0.274
2019-05-11 18:00:00,-1.394,0.000,0.208,0.000,0.265,0.208,0.265
2019-05-11 18:30:00,-2.779,0.000,0.214,0.000,0.259,0.214,0.259
2019-05-11 19:00:00,31.239,0.000,0.198,0.000,0.256,0.198,0.256
2019-05-11 19:30:00,30.298,0.000,0.204,0.000,0.261,0.204,0.261
2019-05-11 20:00:00,34.028,0.000,0.197,0.000,0.258,0.197,0.258
2019-05-11 20:30:00,43.140,0.000,0.191,0.000,0.263,0.191,0.263
2019-05-11 21:00:00,57.824,0.000,0.184,0.000,0.268,0.184,0.268
2019-05-11 21:30:00,65.716,0.000,0.182,0.000,0.269,0.182,0.269
2019-05-11 22:00:00,54.740,0.000,0.188,0.000,0.269,0.188,0.269
2019-05-11 22:30:00,50.675,0.000,0.191,0.000,0.271,0.191,0.271
2019-05-11 23:00:00,49.559,0.000,0.191,0.000,0.269,0.191,0.269
2019-05-11 23:30:00,39.392,0.000,0.198,0.000,0.267,0.198,0.267
2019-05-12 00:00:00,56.792,0.000,0.191,0.000,0.274,0.191,0.274
2019-05-12 00:30:00,46.597,0.000,0.200,0.000,0.277,0.200,0.277
2019-05-12 01:00:00,59.987,0.000,0.194,0.000,0.280,0.194,0.280
2019-05-12 01:30:00,55.633,0.000,0.198,0.000,0.282,0.198,0.282
2019-05-12 02:00:00,87.896,0.000,0.187,0.000,0.282,0.187,0.282
2019-05-12 02:30:00,76.707,0.000,0.191,0.000,0.283,0.191,0.283
2019-05-12 03:00:00,83.176,0.000,0.189,0.000,0.283,0.189,0.283
2019-05-12 03:30:00,39.442,0.000,0.214,0.000,0.284,0.214,0.284
2019-05-12 04:00:00,31.169,0.000,0.225,0.000,0.285,0.225,0.285
2019-05-12 04:30:00,37.578,0.000,0.217,0.000,0.287,0.217,0.287
2019-05-12 05:00:00,-2.023,0.000,0.237,0.000,0.289,0.237,0.289
2019-05-12 05:30:00,36.273,0.000,0.222,0.000,0.291,0.222,0.291
2019-05-12 06:00:00,38.247,0.000,0.219,0.000,0.290,0.219,0.290
2019-05-12 06:30:00,45.241,0.000,0.213,0.000,0.292,0.213,0.292
2019-05-12 07:00:00,74.405,0.000,0.203,0.000,0.302,0.203,0.302
2019-05-12 07:30:00,51.336,0.000,0.222,0.000,0.311,0.222,0.311
2019-05-12 08:00:00,37.266,0.000,0.238,0.000,0.313,0.238,0.313
2019-05-12 08:30:00,45.488,0.000,0.234,0.000,0.322,0.234,0.322
2019-05-12 09:00:00,59.027,0.000,0.235,0.000,0.340,0.235,0.340
2019-05-12 09:30:00,93.655,0.000,0.225,0.000,0.347,0.225,0.347
2019-05-12 10:00:00,63.377,0.000,0.208,0.000,0.354,0.208,0.354
2019-05-12 10:30:00,72.201,0.000,0.215,0.000,0.358,0.215,0.358
2019-05-12 11:00:00,90.595,0.000,0.225,0.000,0.359,0.225,0.359
2019-05-12 11:30:00,64.238,0.000,0.249,0.000,0.362,0.249,0.362
2019-05-12 12:00:00,41.904,0.000,0.272,0.000,0.365,0.272,0.365
2019-05-12 12:30:00,0.740,0.000,0.293,0.000,0.372,0.293,0.372
2019-05-12 13:00:00,35.246,0.000,0.290,0.000,0.377,0.290,0.377
2019-05-12 13:30:00,43.598,0.000,0.270,0.000,0.369,0.270,0.369
2019-05-12 14:00:00,51.704,0.000,0.255,0.000,0.362,0.255,0.362
2019-05-12 14:30:00,104.266,0.000,0.220,0.000,0.352,0.220,0.352
2019-05-12 15:00:00,91.186,0.000,0.220,0.000,0.347,0.220,0.347
2019-05-12 15:30:00,79.505,0.000,0.223,0.000,0.346,0.223,0.346
2019-05-12 16:00:00,69.182,0.000,0.227,0.000,0.344,0.227,0.344
2019-05-12 16:30:00,61.384,0.000,0.217,0.000,0.326,0.217,0.326
2019-05-12 17:00:00,37.209,0.000,0.226,0.000,0.304,0.226,0.304
2019-05-12 17:30:00,42.237,0.000,0.216,0.000,0.301,0.216,0.301
2019-05-12 18:00:00,33.204,0.000,0.219,0.000,0.289,0.219,0.289
2019-05-12 18:30:00,43.991,0.000,0.203,0.000,0.286,0.203,0.286
2019-05-12 19:00:00,34.744,0.000,0.215,0.000,0.288,0.215,0.288
2019-05-12 19:30:00,-1.256,0.000,0.231,0.000,0.291,0.231,0.291
2019-05-12 20:00:00,31.657,0.000,0.224,0.000,0.293,0.224,0.293
2019-05-12 20:30:00,61.478,0.000,0.193,0.000,0.292,0.193,0.292
2019-05-12 21:00:00,56.488,0.000,0.193,0.000,0.287,0.193,0.287
2019-05-12 21:30:00,56.457,0.000,0.194,0.000,0.289,0.194,0.289
2019-05-12 22:00:00,36.285,0.000,0.216,0.000,0.292,0.216,0.292
2019-05-12 22:30:00,31.981,0.000,0.232,0.000,0.304,0.232,0.304
2019-05-12 23:00:00,31.850,0.000,0.236,0.000,0.308,0.236,0.308
2019-05-12 23:30:00,-1.560,0.000,0.249,0.000,0.306,0.249,0.306
2019-05-13 00:00:00,33.036,0.000,0.237,0.000,0.312,0.237,0.312
2019-05-13 00:30:00,43.340,0.000,0.225,0.000,0.316,0.225,0.316
2019-05-13 01:00:00,61.776,0.000,0.211,0.000,0.320,0.211,0.320
2019-05-13 01:30:00,31.820,0.000,0.250,0.000,0.324,0.250,0.324
2019-05-13 02:00:00,35.709,0.000,0.245,0.000,0.326,0.245,0.326
2019-05-13 02:30:00,-0.167,0.000,0.260,0.000,0.330,0.260,0.330
2019-05-13 03:00:00,37.579,0.000,0.250,0.000,0.337,0.250,0.337
2019-05-13 03:30:00,55.334,0.000,0.233,0.000,0.344,0.233,0.344
2019-05-13 04:00:00,34.629,0.000,0.268,0.000,0.352,0.268,0.352
2019-05-13 04:30:00,42.776,0.000,0.261,0.000,0.361,0.261,0.361
2019-05-13 05:00:00,52.374,0.000,0.253,0.000,0.367,0.253,0.367
2019-05-13 05:30:00,37.325,0.000,0.282,0.000,0.375,0.282,0.375
2019-05-13 06:00:00,53.201,0.000,0.266,0.000,0.384,0.266,0.384
2019-05-13 06:30:00,89.682,0.000,0.234,0.000,0.393,0.234,0.393
2019-05-13 07:00:00,57.743,0.000,0.273,0.000,0.400,0.273,0.400
2019-05-13 07:30:00,45.190,0.000,0.289,0.000,0.400,0.289,0.400
2019-05-13 08:00:00,80.553,0.000,0.257,0.000,0.400,0.257,0.400
2019-05-13 08:30:00,98.005,0.000,0.242,0.000,0.400,0.242,0.400
2019-05-13 09:00:00,73.441,0.000,0.231,0.000,0.400,0.231,0.400
2019-05-13 09:30:00,80.268,0.000,0.235,0.000,0.400,0.235,0.400
2019-05-13 10:00:00,81.487,0.000,0.256,0.000,0.400,0.256,0.400
2019-05-13 10:30:00,58.286,0.000,0.272,0.000,0.400,0.272,0.400
2019-05-13 11:00:00,72.572,0.000,0.261,0.000,0.400,0.261,0.400
2019-05-13 11:30:00,70.286,0.000,0.263,0.000,0.400,0.263,0.400
2019-05-13 12:00:00,37.657,0.000,0.303,0.000,0.400,0.303,0.400
2019-05-13 12:30:00,0.309,0.000,0.325,0.000,0.400,0.325,0.400
2019-05-13 13:00:00,47.360,0.000,0.286,0.000,0.400,0.286,0.400
2019-05-13 13:30:00,69.428,0.000,0.244,0.000,0.376,0.244,0.376
2019-05-13 14:00:00,63.088,0.000,0.236,0.000,0.359,0.236,0.359
2019-05-13 14:30:00,74.662,0.000,0.209,0.000,0.331,0.209,0.331
2019-05-13 15:00:00,68.028,0.000,0.200,0.000,0.311,0.200,0.311
2019-05-13 15:30:00,51.531,0.000,0.201,0.000,0.297,0.201,0.297
2019-05-13 16:00:00,71.894,0.000,0.182,0.000,0.286,0.182,0.286
2019-05-13 16:30:00,70.156,0.000,0.178,0.000,0.279,0.178,0.279
2019-05-13 17:00:00,67.290,0.000,0.182,0.000,0.285,0.182,0.285
2019-05-13 17:30:00,82.139,0.000,0.174,0.000,0.279,0.174,0.279
2019-05-13 18:00:00,51.288,0.000,0.182,0.000,0.270,0.182,0.270
2019-05-13 18:30:00,47.185,0.000,0.182,0.000,0.265,0.182,0.265
2019-05-13 19:00:00,84.618,0.000,0.174,0.000,0.275,0.174,0.275
2019-05-13 19:30:00,40.466,0.000,0.196,0.000,0.267,0.196,0.267
2019-05-13 20:00:00,50.478,0.000,0.184,0.000,0.264,0.184,0.264
2019-05-13 20:30:00,32.259,0.000,0.210,0.000,0.271,0.210,0.271
2019-05-13 21:00:00,38.740,0.000,0.201,0.000,0.271,0.201,0.271
2019-05-13 21:30:00,-2.176,0.000,0.223,0.000,0.276,0.223,0.276
2019-05-13 22:00:00,55.393,0.000,0.187,0.000,0.273,0.187,0.273
2019-05-13 22:30:00,45.696,0.000,0.196,0.000,0.275,0.196,0.275
2019-05-13 23:00:00,117.454,0.000,0.000,0.000,0.277,0.000,0.277
2019-05-13 23:30:00,88.238,0.000,0.181,0.000,0.286,0.181,0.286
2019-05-14 00:00:00,103.822,0.000,0.181,0.000,0.291,0.181,0.291
2019-05-14 00:30:00,79.478,0.000,0.000,0.000,0.302,0.000,0.302
2019-05-14 01:00:00,92.794,0.000,0.191,0.000,0.314,0.191,0.314
2019-05-14 01:30:00,93.022,0.000,0.198,0.000,0.326,0.198,0.326
2019-05-14 02:00:00,98.968,0.000,0.204,0.000,0.334,0.204,0.334
2019-05-14 02:30:00,79.505,0.000,0.203,0.000,0.344,0.203,0.344
2019-05-14 03:00:00,63.978,0.000,0.238,0.000,0.353,0.238,0.353
2019-05-14 03:30:00,37.603,0.000,0.276,0.000,0.360,0.276,0.360
2019-05-14 04:00:00,32.762,0.000,0.292,0.000,0.366,0.292,0.366
2019-05-14 04:30:00,-2.632,0.000,0.325,0.000,0.375,0.325,0.375
2019-05-14 05:00:00,46.190,0.000,0.282,0.000,0.383,0.282,0.383
2019-05-14 05:30:00,37.700,0.000,0.296,0.000,0.383,0.296,0.383
2019-05-14 06:00:00,38.589,0.000,0.294,0.000,0.383,0.294,0.383
2019-05-14 06:30:00,-1.439,0.000,0.321,0.000,0.383,0.321,0.383
2019-05-14 07:00:00,34.780,0.000,0.302,0.000,0.383,0.302,0.383
2019-05-14 07:30:00,-2.462,0.000,0.331,0.000,0.383,0.331,0.383
2019-05-14 08:00:00,-3.737,0.000,0.343,0.000,0.383,0.343,0.383
2019-05-14 08:30:00,-1.305,0.000,0.377,0.000,0.440,0.377,0.440
2019-05-14 09:00:00,-0.522,0.000,0.374,0.000,0.444,0.374,0.444
2019-05-14 09:30:00,57.213,0.000,0.332,0.000,0.448,0.332,0.448
2019-05-14 10:00:00,46.426,0.000,0.350,0.000,0.452,0.350,0.452
2019-05-14 10:30:00,75.127,0.000,0.320,0.000,0.452,0.320,0.452
2019-05-14 11:00:00,50.927,0.000,0.346,0.000,0.455,0.346,0.455
2019-05-14 11:30:00,31.524,0.000,0.382,0.000,0.455,0.382,0.455
2019-05-14 12:00:00,37.052,0.000,0.360,0.000,0.444,0.360,0.444
2019-05-14 12:30:00,49.641,0.000,0.328,0.000,0.431,0.328,0.431
2019-05-14 13:00:00,59.363,0.000,0.284,0.000,0.398,0.284,0.398
2019-05-14 13:30:00,48.588,0.000,0.269,0.000,0.365,0.269,0.365
2019-05-14 14:00:00,35.244,0.000,0.277,0.000,0.350,0.277,0.350
2019-05-14 14:30:00,-3.298,0.000,0.272,0.000,0.317,0.272,0.317
2019-05-14 15:00:00,-2.645,0.000,0.252,0.000,0.303,0.252,0.303
2019-05-14 15:30:00,32.167,0.000,0.227,0.000,0.285,0.227,0.285
2019-05-14 16:00:00,49.610,0.000,0.198,0.000,0.277,0.198,0.277
2019-05-14 16:30:00,89.456,0.000,0.000,0.000,0.266,0.000,0.266
2019-05-14 17:00:00,67.694,0.000,0.000,0.000,0.256,0.000,0.256
2019-05-14 17:30:00,67.149,0.000,0.000,0.000,0.234,0.000,0.234
2019-05-14 18:00:00,82.631,0.000,0.000,0.000,0.241,0.000,0.241
2019-05-14 18:30:00,102.707,0.000,0.000,0.000,0.245,0.000,0.245
2019-05-14 19:00:00,92.789,0.000,0.000,0.000,0.224,0.000,0.224
2019-05-14 19:30:00,64.525,0.000,0.000,0.000,0.220,0.000,0.220
2019-05-14 20:00:00,96.883,0.000,0.000,0.000,0.220,0.000,0.220
2019-05-14 20:30:00,106.447,0.000,0.000,0.000,0.217,0.000,0.217
2019-05-14 21:00:00,106.685,0.000,0.000,0.000,0.222,0.000,0.222
2019-05-14 21:30:00,94.897,0.000,0.000,0.000,0.221,0.000,0.221
2019-05-14 22:00:00,76.418,0.000,0.000,0.000,0.220,0.000,0.220
2019-05-14 22:30:00,81.979,0.000,0.000,0.000,0.222,0.000,0.222
2019-05-14 23:00:00,80.084,0.000,0.000,0.000,0.223,0.000,0.223
2019-05-14 23:30:00,113.142,0.000,0.000,0.000,0.225,0.000,0.225
2019-05-15 00:00:00,88.592,0.000,0.000,0.000,0.228,0.000,0.228
2019-05-15 00:30:00,113.477,0.000,0.000,0.000,0.235,0.000,0.235
2019-05-15 01:00:00,110.284,0.000,0.000,0.000,0.243,0.000,0.243
2019-05-15 01:30:00,88.759,0.000,0.000,0.000,0.253,0.000,0.253
2019-05-15 02:00:00,63.063,0.000,0.179,0.000,0.259,0.179,0.259
2019-05-15 02:30:00,86.416,0.000,0.170,0.000,0.267,0.170,0.267
2019-05-15 03:00:00,88.203,0.000,0.177,0.000,0.282,0.177,0.282
2019-05-15 03:30:00,62.389,0.000,0.199,0.000,0.290,0.199,0.290
2019-05-15 04:00:00,66.103,0.000,0.207,0.000,0.304,0.207,0.304
2019-05-15 04:30:00,31.991,0.000,0.253,0.000,0.314,0.253,0.314
2019-05-15 05:00:00,33.118,0.000,0.259,0.000,0.324,0.259,0.324
2019-05-15 05:30:00,69.634,0.000,0.225,0.000,0.333,0.225,0.333
2019-05-15 06:00:00,94.510,0.000,0.219,0.000,0.347,0.219,0.347
2019-05-15 06:30:00,72.416,0.000,0.213,0.000,0.354,0.213,0.354
2019-05-15 07:00:00,78.314,0.000,0.243,0.000,0.362,0.243,0.362
2019-05-15 07:30:00,84.311,0.000,0.245,0.000,0.368,0.245,0.368
2019-05-15 08:00:00,100.010,0.000,0.246,0.000,0.378,0.246,0.378
2019-05-15 08:30:00,83.800,0.000,0.259,0.000,0.386,0.259,0.386
2019-05-15 09:00:00,80.792,0.000,0.242,0.000,0.391,0.242,0.391
2019-05-15 09:30:00,68.427,0.000,0.276,0.000,0.398,0.276,0.398
2019-05-15 10:00:00,66.013,0.000,0.279,0.000,0.399,0.279,0.399
2019-05-15 10:30:00,91.282,0.000,0.265,0.000,0.399,0.265,0.399
2019-05-15 11:00:00,42.630,0.000,0.308,0.000,0.399,0.308,0.399
2019-05-15 11:30:00,45.385,0.000,0.303,0.000,0.399,0.303,0.399
2019-05-15 12:00:00,35.757,0.000,0.321,0.000,0.399,0.321,0.399
2019-05-15 12:30:00,-3.345,0.000,0.344,0.000,0.389,0.344,0.389
2019-05-15 13:00:00,34.775,0.000,0.318,0.000,0.393,0.318,0.393
2019-05-15 13:30:00,37.541,0.000,0.310,0.000,0.391,0.310,0.391
2019-05-15 14:00:00,30.670,0.000,0.325,0.000,0.391,0.325,0.391
2019-05-15 14:30:00,41.278,0.000,0.303,0.000,0.391,0.303,0.391
2019-05-15 15:00:00,101.935,0.000,0.263,0.000,0.391,0.263,0.391
2019-05-15 15:30:00,101.304,0.000,0.252,0.000,0.377,0.252,0.377
2019-05-15 16:00:00,94.629,0.000,0.247,0.000,0.365,0.247,0.365
2019-05-15 16:30:00,47.911,0.000,0.282,0.000,0.359,0.282,0.359
2019-05-15 17:00:00,51.878,0.000,0.258,0.000,0.329,0.258,0.329
2019-05-15 17:30:00,59.040,0.000,0.228,0.000,0.298,0.228,0.298
2019-05-15 18:00:00,67.069,0.000,0.211,0.000,0.282,0.211,0.282
2019-05-15 18:30:00,61.229,0.000,0.203,0.000,0.268,0.203,0.268
2019-05-15 19:00:00,74.108,0.000,0.197,0.000,0.267,0.197,0.267
2019-05-15 19:30:00,70.857,0.000,0.193,0.000,0.260,0.193,0.260
2019-05-15 20:00:00,82.910,0.000,0.184,0.000,0.251,0.184,0.251
2019-05-15 20:30:00,96.646,0.000,0.182,0.000,0.255,0.182,0.255
2019-05-15 21:00:00,80.554,0.000,0.177,0.000,0.253,0.177,0.253
2019-05-15 21:30:00,73.660,0.000,0.175,0.000,0.254,0.175,0.254
2019-05-15 22:00:00,53.416,0.000,0.197,0.000,0.251,0.197,0.251
2019-05-15 22:30:00,63.780,0.000,0.192,0.000,0.253,0.192,0.253
2019-05-15 23:00:00,72.153,0.000,0.192,0.000,0.258,0.192,0.258
2019-05-15 23:30:00,58.014,0.000,0.201,0.000,0.261,0.201,0.261
2019-05-16 00:00:00,43.150,0.000,0.216,0.000,0.266,0.216,0.266
2019-05-16 00:30:00,65.581,0.000,0.203,0.000,0.269,0.203,0.269
2019-05-16 01:00:00,49.927,0.000,0.218,0.000,0.276,0.218,0.276
2019-05-16 01:30:00,49.187,0.000,0.222,0.000,0.279,0.222,0.279
2019-05-16 02:00:00,43.473,0.000,0.229,0.000,0.281,0.229,0.281
2019-05-16 02:30:00,32.037,0.000,0.246,0.000,0.284,0.246,0.284
2019-05-16 03:00:00,60.516,0.000,0.219,0.000,0.285,0.219,0.285
2019-05-16 03:30:00,65.631,0.000,0.193,0.000,0.287,0.193,0.287
2019-05-16 04:00:00,56.147,0.000,0.188,0.000,0.290,0.188,0.290
2019-05-16 04:30:00,62.594,0.000,0.196,0.000,0.296,0.196,0.296
2019-05-16 05:00:00,53.072,0.000,0.189,0.000,0.298,0.189,0.298
2019-05-16 05:30:00,46.243,0.000,0.185,0.000,0.301,0.185,0.301
2019-05-16 06:00:00,54.950,0.000,0.199,0.000,0.309,0.199,0.309
2019-05-16 06:30:00,55.162,0.000,0.204,0.000,0.316,0.204,0.316
2019-05-16 07:00:00,55.427,0.000,0.206,0.000,0.319,0.206,0.319
2019-05-16 07:30:00,46.767,0.000,0.202,0.000,0.330,0.202,0.330
2019-05-16 08:00:00,68.834,0.000,0.228,0.000,0.338,0.228,0.338
2019-05-16 08:30:00,55.437,0.000,0.271,0.000,0.344,0.271,0.344
2019-05-16 09:00:00,55.975,0.000,0.274,0.000,0.349,0.274,0.349
2019-05-16 09:30:00,90.712,0.000,0.262,0.000,0.358,0.262,0.358
2019-05-16 10:00:00,62.876,0.000,0.277,0.000,0.358,0.277,0.358
2019-05-16 10:30:00,66.129,0.000,0.278,0.000,0.362,0.278,0.362
2019-05-16 11:00:00,64.653,0.000,0.281,0.000,0.366,0.281,0.366
2019-05-16 11:30:00,42.070,0.000,0.303,0.000,0.365,0.303,0.365
2019-05-16 12:00:00,30.884,0.000,0.305,0.000,0.346,0.305,0.346
2019-05-16 12:30:00,-6.069,0.000,0.305,0.000,0.331,0.305,0.331
2019-05-16 13:00:00,32.938,0.000,0.261,0.000,0.302,0.261,0.302
2019-05-16 13:30:00,33.272,0.000,0.236,0.000,0.274,0.236,0.274
2019-05-16 14:00:00,35.237,0.000,0.213,0.000,0.250,0.213,0.250
2019-05-16 14:30:00,41.626,0.000,0.206,0.000,0.250,0.206,0.250
2019-05-16 15:00:00,86.435,0.000,0.179,0.000,0.250,0.179,0.250
2019-05-16 15:30:00,30.731,0.000,0.158,0.000,0.202,0.158,0.202
2019-05-16 16:00:00,14.076,0.000,0.161,0.000,0.191,0.161,0.191
2019-05-16 16:30:00,11.304,0.000,0.156,0.000,0.183,0.156,0.183
2019-05-16 17:00:00,16.542,0.000,0.000,0.000,0.178,0.000,0.178
2019-05-16 17:30:00,10.494,0.000,0.000,0.000,0.172,0.000,0.172
2019-05-16 18:00:00,10.436,0.000,0.000,0.000,0.171,0.000,0.171
2019-05-16 18:30:00,19.800,0.000,0.000,0.000,0.170,0.000,0.170
2019-05-16 19:00:00,8.249,0.000,0.000,0.000,0.167,0.000,0.167
2019-05-16 19:30:00,37.460,0.000,0.000,0.000,0.167,0.000,0.167
2019-05-16 20:00:00,40.406,0.000,0.000,0.000,0.166,0.000,0.166
2019-05-16 20:30:00,63.240,0.000,0.000,0.000,0.167,0.000,0.167
2019-05-16 21:00:00,3.404,0.000,0.000,0.000,0.168,0.000,0.168
2019-05-16 21:30:00,-1.124,0.000,0.000,0.000,0.167,0.000,0.167
2019-05-16 22:00:00,-3.845,0.000,0.000,0.000,0.168,0.000,0.168
2019-05-16 22:30:00,40.128,0.000,0.000,0.000,0.168,0.000,0.168
2019-05-16 23:00:00,1.192,0.000,0.000,0.000,0.168,0.000,0.168
2019-05-16 23:30:00,12.625,0.000,0.000,0.000,0.169,0.000,0.169
2019-05-17 00:00:00,0.147,0.000,0.000,0.000,0.171,0.000,0.171
2019-05-17 00:30:00,51.726,0.000,0.000,0.000,0.174,0.000,0.174
2019-05-17 01:00:00,52.950,0.000,0.000,0.000,0.178,0.000,0.178
2019-05-17 01:30:00,61.515,0.000,0.000,0.000,0.183,0.000,0.183
2019-05-17 02:00:00,40.592,0.000,0.146,0.000,0.188,0.146,0.188
2019-05-17 02:30:00,48.599,0.000,0.148,0.000,0.189,0.148,0.189
2019-05-17 03:00:00,23.180,0.000,0.155,0.000,0.192,0.155,0.192
2019-05-17 03:30:00,26.850,0.000,0.157,0.000,0.194,0.157,0.194
2019-05-17 04:00:00,-16.447,0.000,0.173,0.000,0.197,0.173,0.197
2019-05-17 04:30:00,-11.956,0.000,0.172,0.000,0.199,0.172,0.199
2019-05-17 05:00:00,-61.009,0.000,0.190,0.000,0.201,0.190,0.201
2019-05-17 05:30:00,-21.772,0.000,0.181,0.000,0.203,0.181,0.203
2019-05-17 06:00:00,3.346,0.000,0.169,0.000,0.203,0.169,0.203
2019-05-17 06:30:00,38.333,0.000,0.155,0.000,0.204,0.155,0.204
2019-05-17 07:00:00,21.759,0.000,0.164,0.000,0.205,0.164,0.205
2019-05-17 07:30:00,34.660,0.000,0.163,0.000,0.207,0.163,0.207
2019-05-17 08:00:00,38.749,0.000,0.158,0.000,0.211,0.158,0.211
2019-05-17 08:30:00,41.994,0.000,0.161,0.000,0.219,0.161,0.219
2019-05-17 09:00:00,24.221,0.000,0.170,0.000,0.224,0.170,0.224
2019-05-17 09:30:00,11.428,0.000,0.174,0.000,0.224,0.174,0.224
2019-05-17 10:00:00,3.097,0.000,0.176,0.000,0.222,0.176,0.222
2019-05-17 10:30:00,20.490,0.000,0.172,0.000,0.227,0.172,0.227
2019-05-17 11:00:00,63.183,0.000,0.173,0.000,0.230,0.173,0.230
2019-05-17 11:30:00,38.825,0.000,0.186,0.000,0.231,0.186,0.231
2019-05-17 12:00:00,-13.416,0.000,0.186,0.000,0.225,0.186,0.225
2019-05-17 12:30:00,-20.226,0.000,0.185,0.000,0.213,0.185,0.213
2019-05-17 13:00:00,14.823,0.000,0.162,0.000,0.201,0.162,0.201
2019-05-17 13:30:00,24.850,0.000,0.153,0.000,0.191,0.153,0.191
2019-05-17 14:00:00,4.756,0.000,0.154,0.000,0.186,0.154,0.186
2019-05-17 14:30:00,36.504,0.000,0.000,0.000,0.181,0.000,0.181
2019-05-17 15:00:00,5.128,0.000,0.000,0.000,0.178,0.000,0.178
2019-05-17 15:30:00,9.779,0.000,0.000,0.000,0.176,0.000,0.176
2019-05-17 16:00:00,5.753,0.000,0.000,0.000,0.172,0.000,0.172
2019-05-17 16:30:00,8.330,0.000,0.000,0.000,0.176,0.000,0.176
2019-05-17 17:00:00,29.267,0.000,0.000,0.000,0.176,0.000,0.176
2019-05-17 17:30:00,52.309,0.000,0.000,0.000,0.176,0.000,0.176
2019-05-17 18:00:00,67.368,0.000,0.000,0.000,0.176,0.000,0.176
2019-05-17 18:30:00,60.408,0.000,0.000,0.000,0.176,0.000,0.176
2019-05-17 19:00:00,37.325,0.000,0.000,0.000,0.000,0.000,0.000
2019-05-17 19:30:00,27.503,0.000,0.000,0.000,0.000,0.000,0.000
2019-05-17 20:00:00,6.146,0.000,0.000,0.000,0.000,0.000,0.000
2019-05-17 20:30:00,-11.577,0.000,0.000,0.000,0.000,0.000,0.000
2019-05-17 21:00:00,-58.954,0.000,0.000,0.000,0.000,0.000,0.000
2019-05-17 21:30:00,-21.100,0.000,0.000,0.000,0.000,0.000,0.000
2019-05-17 22:00:00,-5.145,0.000,0.000,0.000,0.000,0.000,0.000
2019-05-17 22:30:00,17.580,0.000,0.000,0.000,0.000,0.000,0.000
2019-05-17 23:00:00,1.062,0.000,0.000,0.000,0.000,0.000,0.000
2019-05-17 23:30:00,50.915,0.000,0.000,0.000,0.168,0.000,0.168
2019-05-18 00:00:00,28.799,0.000,0.000,0.000,0.170,0.000,0.170
2019-05-18 00:30:00,21.676,0.000,0.000,0.000,0.173,0.000,0.173
2019-05-18 01:00:00,40.820,0.000,0.000,0.000,0.177,0.000,0.177
2019-05-18 01:30:00,26.641,0.000,0.000,0.000,0.181,0.000,0.181
2019-05-18 02:00:00,33.463,0.000,0.000,0.000,0.184,0.000,0.184
2019-05-18 02:30:00,-14.490,0.000,0.161,0.000,0.186,0.161,0.186
2019-05-18 03:00:00,5.227,0.000,0.155,0.000,0.189,0.155,0.189
2019-05-18 03:30:00,19.839,0.000,0.154,0.000,0.192,0.154,0.192
2019-05-18 04:00:00,-5.912,0.000,0.164,0.000,0.194,0.164,0.194
2019-05-18 04:30:00,22.033,0.000,0.157,0.000,0.197,0.157,0.197
2019-05-18 05:00:00,11.935,0.000,0.161,0.000,0.199,0.161,0.199
2019-05-18 05:30:00,14.098,0.000,0.160,0.000,0.199,0.160,0.199
2019-05-18 06:00:00,11.246,0.000,0.162,0.000,0.201,0.162,0.201
2019-05-18 06:30:00,13.564,0.000,0.163,0.000,0.203,0.163,0.203
2019-05-18 07:00:00,-17.729,0.000,0.177,0.000,0.204,0.177,0.204
2019-05-18 07:30:00,-21.298,0.000,0.181,0.000,0.208,0.181,0.208
2019-05-18 08:00:00,-13.456,0.000,0.180,0.000,0.217,0.180,0.217
2019-05-18 08:30:00,-12.086,0.000,0.182,0.000,0.224,0.182,0.224
2019-05-18 09:00:00,-2.079,0.000,0.177,0.000,0.226,0.177,0.226
2019-05-18 09:30:00,36.677,0.000,0.186,0.000,0.234,0.186,0.234
2019-05-18 10:00:00,63.212,0.000,0.173,0.000,0.238,0.173,0.238
2019-05-18 10:30:00,50.174,0.000,0.180,0.000,0.240,0.180,0.240
2019-05-18 11:00:00,35.767,0.000,0.193,0.000,0.241,0.193,0.241
2019-05-18 11:30:00,-6.186,0.000,0.226,0.000,0.245,0.226,0.245
2019-05-18 12:00:00,-5.317,0.000,0.206,0.000,0.232,0.206,0.232
2019-05-18 12:30:00,-60.334,0.000,0.199,0.000,0.214,0.199,0.214
2019-05-18 13:00:00,-12.074,0.000,0.169,0.000,0.199,0.169,0.199
2019-05-18 13:30:00,-10.588,0.000,0.161,0.000,0.188,0.161,0.188
2019-05-18 14:00:00,-11.687,0.000,0.156,0.000,0.181,0.156,0.181
2019-05-18 14:30:00,16.253,0.000,0.000,0.000,0.176,0.000,0.176
2019-05-18 15:00:00,7.281,0.000,0.000,0.000,0.173,0.000,0.173
2019-05-18 15:30:00,6.942,0.000,0.000,0.000,0.169,0.000,0.169
2019-05-18 16:00:00,-1.064,0.000,0.000,0.000,0.165,0.000,0.165
2019-05-18 16:30:00,8.418,0.000,0.000,0.000,0.164,0.000,0.164
2019-05-18 17:00:00,-5.320,0.000,0.000,0.000,0.162,0.000,0.162
2019-05-18 17:30:00,-22.009,0.000,0.000,0.000,0.000,0.000,0.000
2019-05-18 18:00:00,-58.165,0.000,0.000,0.000,0.000,0.000,0.000
2019-05-18 18:30:00,-61.470,0.000,0.000,0.000,0.000,0.000,0.000
2019-05-18 19:00:00,-58.537,0.000,0.000,0.000,0.000,0.000,0.000
2019-05-18 19:30:00,-18.278,0.000,0.000,0.000,0.000,0.000,0.000
2019-05-18 20:00:00,-16.693,0.000,0.000,0.000,0.000,0.000,0.000
2019-05-18 20:30:00,12.020,0.000,0.000,0.000,0.000,0.000,0.000
2019-05-18 21:00:00,22.410,0.000,0.000,0.000,0.000,0.000,0.000
2019-05-18 21:30:00,33.331,0.000,0.000,0.000,0.000,0.000,0.000
2019-05-18 22:00:00,28.144,0.000,0.000,0.000,0.000,0.000,0.000
2019-05-18 22:30:00,44.789,0.000,0.000,0.000,0.000,0.000,0.000
2019-05-18 23:00:00,37.147,0.000,0.000,0.000,0.000,0.000,0.000
2019-05-18 23:30:00,36.349,0.000,0.000,0.000,0.000,0.000,0.000
2019-05-19 00:00:00,9.351,0.000,0.000,0.000,0.000,0.000,0.000
2019-05-19 00:30:00,23.294,0.000,0.000,0.000,0.172,0.000,0.172
2019-05-19 01:00:00,21.848,0.000,0.000,0.000,0.175,0.000,0.175
2019-05-19 01:30:00,22.221,0.000,0.000,0.000,0.178,0.000,0.178
2019-05-19 02:00:00,24.374,0.000,0.000,0.000,0.180,0.000,0.180
2019-05-19 02:30:00,24.885,0.000,0.000,0.000,0.184,0.000,0.184
2019-05-19 03:00:00,60.912,0.000,0.000,0.000,0.187,0.000,0.187
2019-05-19 03:30:00,34.683,0.000,0.000,0.000,0.190,0.000,0.190
2019-05-19 04:00:00,58.637,0.000,0.000,0.000,0.192,0.000,0.192
2019-05-19 04:30:00,-2.579,0.000,0.160,0.000,0.192,0.160,0.192
2019-05-19 05:00:00,7.855,0.000,0.157,0.000,0.193,0.157,0.193
2019-05-19 05:30:00,1.428,0.000,0.160,0.000,0.193,0.160,0.193
2019-05-19 06:00:00,-7.121,0.000,0.164,0.000,0.195,0.164,0.195
2019-05-19 06:30:00,7.917,0.000,0.159,0.000,0.195,0.159,0.195
2019-05-19 07:00:00,-5.528,0.000,0.164,0.000,0.196,0.164,0.196
2019-05-19 07:30:00,-2.161,0.000,0.164,0.000,0.197,0.164,0.197
2019-05-19 08:00:00,-19.198,0.000,0.173,0.000,0.198,0.173,0.198
2019-05-19 08:30:00,13.405,0.000,0.161,0.000,0.200,0.161,0.200
2019-05-19 09:00:00,-9.023,0.000,0.171,0.000,0.203,0.171,0.203
2019-05-19 09:30:00,27.838,0.000,0.161,0.000,0.206,0.161,0.206
2019-05-19 10:00:00,11.736,0.000,0.167,0.000,0.210,0.167,0.210
2019-05-19 10:30:00,36.661,0.000,0.162,0.000,0.213,0.162,0.213
2019-05-19 11:00:00,15.016,0.000,0.167,0.000,0.213,0.167,0.213
2019-05-19 11:30:00,46.002,0.000,0.156,0.000,0.212,0.156,0.212
2019-05-19 12:00:00,52.747,0.000,0.158,0.000,0.207,0.158,0.207
2019-05-19 12:30:00,-8.652,0.000,0.173,0.000,0.206,0.173,0.206
2019-05-19 13:00:00,-55.178,0.000,0.183,0.000,0.206,0.183,0.206
2019-05-19 13:30:00,-21.567,0.000,0.181,0.000,0.205,0.181,0.205
2019-05-19 14:00:00,-59.139,0.000,0.191,0.000,0.205,0.191,0.205
2019-05-19 14:30:00,-23.546,0.000,0.182,0.000,0.205,0.182,0.205
2019-05-19 15:00:00,-8.340,0.000,0.172,0.000,0.204,0.172,0.204
2019-05-19 15:30:00,53.762,0.000,0.155,0.000,0.202,0.155,0.202
2019-05-19 16:00:00,58.532,0.000,0.000,0.000,0.200,0.000,0.200
2019-05-19 16:30:00,40.937,0.000,0.000,0.000,0.197,0.000,0.197
2019-05-19 17:00:00,43.864,0.000,0.000,0.000,0.195,0.000,0.195
2019-05-19 17:30:00,53.530,0.000,0.000,0.000,0.189,0.000,0.189
2019-05-19 18:00:00,57.315,0.000,0.000,0.000,0.181,0.000,0.181
2019-05-19 18:30:00,51.763,0.000,0.000,0.000,0.187,0.000,0.187
2019-05-19 19:00:00,25.593,0.000,0.000,0.000,0.189,0.000,0.189
2019-05-19 19:30:00,-4.676,0.000,0.158,0.000,0.188,0.158,0.188
2019-05-19 20:00:00,19.532,0.000,0.000,0.000,0.188,0.000,0.188
2019-05-19 20:30:00,24.031,0.000,0.000,0.000,0.188,0.000,0.188
2019-05-19 21:00:00,-4.516,0.000,0.158,0.000,0.188,0.158,0.188
2019-05-19 21:30:00,-58.289,0.000,0.173,0.000,0.188,0.173,0.188
2019-05-19 22:00:00,-18.722,0.000,0.164,0.000,0.188,0.164,0.188
2019-05-19 22:30:00,-21.739,0.000,0.166,0.000,0.188,0.166,0.188
2019-05-19 23:00:00,-22.044,0.000,0.166,0.000,0.188,0.166,0.188
2019-05-19 23:30:00,30.556,0.000,0.000,0.000,0.188,0.000,0.188
2019-05-20 00:00:00,17.035,0.000,0.000,0.000,0.188,0.000,0.188
2019-05-20 00:30:00,64.859,0.000,0.000,0.000,0.188,0.000,0.188
2019-05-20 01:00:00,28.293,0.000,0.000,0.000,0.188,0.000,0.188
2019-05-20 01:30:00,64.859,0.000,0.000,0.000,0.188,0.000,0.188
2019-05-20 02:00:00,53.284,0.000,0.000,0.000,0.188,0.000,0.188
2019-05-20 02:30:00,61.492,0.000,0.000,0.000,0.188,0.000,0.188
2019-05-20 03:00:00,28.703,0.000,0.000,0.000,0.188,0.000,0.188
2019-05-20 03:30:00,-19.838,0.000,0.165,0.000,0.188,0.165,0.188
2019-05-20 04:00:00,17.193,0.000,0.000,0.000,0.188,0.000,0.188
2019-05-20 04:30:00,69.429,0.000,0.000,0.000,0.188,0.000,0.188
2019-05-20 05:00:00,46.609,0.000,0.000,0.000,0.188,0.000,0.188
2019-05-20 05:30:00,60.424,0.000,0.000,0.000,0.188,0.000,0.188
2019-05-20 06:00:00,23.955,0.000,0.000,0.000,0.188,0.000,0.188
2019-05-20 06:30:00,43.569,0.000,0.000,0.000,0.188,0.000,0.188
2019-05-20 07:00:00,35.582,0.000,0.000,0.000,0.188,0.000,0.188
2019-05-20 07:30:00,34.393,0.000,0.000,0.000,0.188,0.000,0.188
2019-05-20 08:00:00,40.596,0.000,0.000,0.000,0.188,0.000,0.188
2019-05-20 08:30:00,23.203,0.000,0.000,0.000,0.188,0.000,0.188
2019-05-20 09:00:00,72.919,0.000,0.000,0.000,0.188,0.000,0.188
2019-05-20 09:30:00,54.605,0.000,0.000,0.000,0.188,0.000,0.188
2019-05-20 10:00:00,61.653,0.000,0.000,0.000,0.188,0.000,0.188
2019-05-20 10:30:00,45.845,0.000,0.000,0.000,0.188,0.000,0.188
2019-05-20 11:00:00,50.519,0.000,0.000,0.000,0.188,0.000,0.188
2019-05-20 11:30:00,50.179,0.000,0.000,0.000,0.188,0.000,0.188
2019-05-20 12:00:00,21.853,0.000,0.000,0.000,0.188,0.000,0.188
2019-05-20 12:30:00,-8.481,0.000,0.159,0.000,0.188,0.159,0.188
2019-05-20 13:00:00,-15.531,0.000,0.163,0.000,0.188,0.163,0.188
2019-05-20 13:30:00,25.110,0.000,0.000,0.000,0.188,0.000,0.188
2019-05-20 14:00:00,24.078,0.000,0.000,0.000,0.188,0.000,0.188
2019-05-20 14:30:00,37.055,0.000,0.000,0.000,0.188,0.000,0.188
2019-05-20 15:00:00,17.671,0.000,0.000,0.000,0.188,0.000,0.188
2019-05-20 15:30:00,-9.730,0.000,0.160,0.000,0.188,0.160,0.188
2019-05-20 16:00:00,48.886,0.000,0.000,0.000,0.188,0.000,0.188
2019-05-20 16:30:00,67.291,0.000,0.000,0.000,0.188,0.000,0.188
2019-05-20 17:00:00,38.206,0.000,0.000,0.000,0.188,0.000,0.188
2019-05-20 17:30:00,27.574,0.000,0.000,0.000,0.188,0.000,0.188
2019-05-20 18:00:00,63.053,0.000,0.000,0.000,0.188,0.000,0.188
2019-05-20 18:30:00,28.054,0.000,0.000,0.000,0.188,0.000,0.188
2019-05-20 19:00:00,33.675,0.000,0.000,0.000,0.188,0.000,0.188
2019-05-20 19:30:00,-17.183,0.000,0.163,0.000,0.188,0.163,0.188
2019-05-20 20:00:00,-58.106,0.000,0.173,0.000,0.188,0.173,0.188
2019-05-20 20:30:00,-58.277,0.000,0.173,0.000,0.188,0.173,0.188
2019-05-20 21:00:00,-23.751,0.000,0.168,0.000,0.188,0.168,0.188
2019-05-20 21:30:00,-22.366,0.000,0.167,0.000,0.188,0.167,0.188
2019-05-20 22:00:00,29.854,0.000,0.000,0.000,0.188,0.000,0.188
2019-05-20 22:30:00,53.154,0.000,0.000,0.000,0.188,0.000,0.188
2019-05-20 23:00:00,37.046,0.000,0.000,0.000,0.188,0.000,0.188
2019-05-20 23:30:00,31.023,0.000,0.000,0.000,0.188,0.000,0.188
2019-05-21 00:00:00,31.751,0.000,0.000,0.000,0.188,0.000,0.188
2019-05-21 00:30:00,31.238,0.000,0.000,0.000,0.188,0.000,0.188
2019-05-21 01:00:00,59.940,0.000,0.000,0.000,0.188,0.000,0.188
2019-05-21 01:30:00,60.384,0.000,0.000,0.000,0.188,0.000,0.188
2019-05-21 02:00:00,29.532,0.000,0.000,0.000,0.188,0.000,0.188
2019-05-21 02:30:00,57.674,0.000,0.000,0.000,0.188,0.000,0.188
2019-05-21 03:00:00,38.169,0.000,0.000,0.000,0.188,0.000,0.188
2019-05-21 03:30:00,53.082,0.000,0.000,0.000,0.188,0.000,0.188
2019-05-21 04:00:00,60.982,0.000,0.000,0.000,0.188,0.000,0.188
2019-05-21 04:30:00,28.565,0.000,0.000,0.000,0.188,0.000,0.188
2019-05-21 05:00:00,40.984,0.000,0.000,0.000,0.188,0.000,0.188
2019-05-21 05:30:00,49.987,0.000,0.000,0.000,0.188,0.000,0.188
2019-05-21 06:00:00,19.691,0.000,0.000,0.000,0.188,0.000,0.188
2019-05-21 06:30:00,46.777,0.000,0.000,0.000,0.188,0.000,0.188
2019-05-21 07:00:00,48.782,0.000,0.000,0.000,0.188,0.000,0.188
2019-05-21 07:30:00,20.613,0.000,0.000,0.000,0.188,0.000,0.188
2019-05-21 08:00:00,-12.086,0.000,0.161,0.000,0.188,0.161,0.188
2019-05-21 08:30:00,-18.581,0.000,0.164,0.000,0.188,0.164,0.188
2019-05-21 09:00:00,-4.144,0.000,0.158,0.000,0.188,0.158,0.188
2019-05-21 09:30:00,-7.622,0.000,0.159,0.000,0.188,0.159,0.188
2019-05-21 10:00:00,71.959,0.000,0.000,0.000,0.188,0.000,0.188
2019-05-21 10:30:00,55.339,0.000,0.000,0.000,0.188,0.000,0.188
2019-05-21 11:00:00,49.929,0.000,0.000,0.000,0.188,0.000,0.188
2019-05-21 11:30:00,29.528,0.000,0.000,0.000,0.188,0.000,0.188
2019-05-21 12:00:00,58.642,0.000,0.000,0.000,0.188,0.000,0.188
2019-05-21 12:30:00,32.283,0.000,0.000,0.000,0.188,0.000,0.188
2019-05-21 13:00:00,52.582,0.000,0.000,0.000,0.188,0.000,0.188
2019-05-21 13:30:00,18.913,0.000,0.000,0.000,0.188,0.000,0.188
2019-05-21 14:00:00,1.668,0.000,0.173,0.000,0.216,0.173,0.216
2019-05-21 14:30:00,20.518,0.000,0.159,0.000,0.201,0.159,0.201
2019-05-21 15:00:00,55.120,0.000,0.000,0.000,0.192,0.000,0.192
2019-05-21 15:30:00,53.978,0.000,0.000,0.000,0.182,0.000,0.182
2019-05-21 16:00:00,60.851,0.000,0.000,0.000,0.172,0.000,0.172
2019-05-21 16:30:00,15.304,0.000,0.000,0.000,0.166,0.000,0.166
2019-05-21 17:00:00,37.368,0.000,0.000,0.000,0.163,0.000,0.163
2019-05-21 17:30:00,28.195,0.000,0.000,0.000,0.000,0.000,0.000
2019-05-21 18:00:00,7.143,0.000,0.000,0.000,0.000,0.000,0.000
2019-05-21 18:30:00,24.278,0.000,0.000,0.000,0.000,0.000,0.000
2019-05-21 19:00:00,34.232,0.000,0.000,0.000,0.000,0.000,0.000
2019-05-21 19:30:00,33.379,0.000,0.000,0.000,0.000,0.000,0.000
2019-05-21 20:00:00,8.452,0.000,0.000,0.000,0.000,0.000,0.000
2019-05-21 20:30:00,13.164,0.000,0.000,0.000,0.000,0.000,0.000
2019-05-21 21:00:00,-9.983,0.000,0.000,0.000,0.000,0.000,0.000
2019-05-21 21:30:00,-15.973,0.000,0.000,0.000,0.000,0.000,0.000
2019-05-21 22:00:00,2.277,0.000,0.000,0.000,0.000,0.000,0.000
2019-05-21 22:30:00,28.842,0.000,0.000,0.000,0.000,0.000,0.000
2019-05-21 23:00:00,36.613,0.000,0.000,0.000,0.000,0.000,0.000
2019-05-21 23:30:00,18.473,0.000,0.000,0.000,0.000,0.000,0.000
2019-05-22 00:00:00,12.521,0.000,0.000,0.000,0.000,0.000,0.000
2019-05-22 00:30:00,7.206,0.000,0.000,0.000,0.170,0.000,0.170
2019-05-22 01:00:00,36.480,0.000,0.000,0.000,0.173,0.000,0.173
2019-05-22 01:30:00,18.253,0.000,0.000,0.000,0.176,0.000,0.176
2019-05-22 02:00:00,34.489,0.000,0.000,0.000,0.179,0.000,0.179
2019-05-22 02:30:00,52.607,0.000,0.000,0.000,0.182,0.000,0.182
2019-05-22 03:00:00,5.573,0.000,0.152,0.000,0.182,0.152,0.182
2019-05-22 03:30:00,26.388,0.000,0.000,0.000,0.182,0.000,0.182
2019-05-22 04:00:00,26.338,0.000,0.151,0.000,0.188,0.151,0.188
2019-05-22 04:30:00,28.599,0.000,0.152,0.000,0.190,0.152,0.190
2019-05-22 05:00:00,43.039,0.000,0.000,0.000,0.191,0.000,0.191
2019-05-22 05:30:00,52.554,0.000,0.149,0.000,0.189,0.149,0.189
2019-05-22 06:00:00,59.544,0.000,0.000,0.000,0.189,0.000,0.189
2019-05-22 06:30:00,41.832,0.000,0.147,0.000,0.191,0.147,0.191
2019-05-22 07:00:00,32.723,0.000,0.000,0.000,0.192,0.000,0.192
2019-05-22 07:30:00,42.119,0.000,0.000,0.000,0.194,0.000,0.194
2019-05-22 08:00:00,55.488,0.000,0.152,0.000,0.195,0.152,0.195
2019-05-22 08:30:00,6.192,0.000,0.161,0.000,0.195,0.161,0.195
2019-05-22 09:00:00,-18.855,0.000,0.173,0.000,0.197,0.173,0.197
2019-05-22 09:30:00,2.175,0.000,0.164,0.000,0.197,0.164,0.197
2019-05-22 10:00:00,-22.685,0.000,0.177,0.000,0.198,0.177,0.198
2019-05-22 10:30:00,-57.205,0.000,0.182,0.000,0.200,0.182,0.200
2019-05-22 11:00:00,-16.692,0.000,0.176,0.000,0.202,0.176,0.202
2019-05-22 11:30:00,3.550,0.000,0.168,0.000,0.203,0.168,0.203
2019-05-22 12:00:00,-10.110,0.000,0.174,0.000,0.204,0.174,0.204
2019-05-22 12:30:00,-56.527,0.000,0.181,0.000,0.201,0.181,0.201
2019-05-22 13:00:00,-57.238,0.000,0.177,0.000,0.195,0.177,0.195
2019-05-22 13:30:00,-24.315,0.000,0.169,0.000,0.188,0.169,0.188
2019-05-22 14:00:00,-58.080,0.000,0.167,0.000,0.181,0.167,0.181
2019-05-22 14:30:00,-19.999,0.000,0.159,0.000,0.179,0.159,0.179
2019-05-22 15:00:00,-57.689,0.000,0.162,0.000,0.176,0.162,0.176
2019-05-22 15:30:00,-22.981,0.000,0.156,0.000,0.172,0.156,0.172
2019-05-22 16:00:00,4.393,0.000,0.000,0.000,0.170,0.000,0.170
2019-05-22 16:30:00,19.450,0.000,0.000,0.000,0.167,0.000,0.167
2019-05-22 17:00:00,6.189,0.000,0.000,0.000,0.165,0.000,0.165
2019-05-22 17:30:00,11.500,0.000,0.000,0.000,0.165,0.000,0.165
2019-05-22 18:00:00,25.899,0.000,0.000,0.000,0.000,0.000,0.000
2019-05-22 18:30:00,46.090,0.000,0.000,0.000,0.000,0.000,0.000
2019-05-22 19:00:00,14.133,0.000,0.000,0.000,0.000,0.000,0.000
2019-05-22 19:30:00,21.968,0.000,0.000,0.000,0.000,0.000,0.000
2019-05-22 20:00:00,28.350,0.000,0.000,0.000,0.000,0.000,0.000
2019-05-22 20:30:00,26.874,0.000,0.000,0.000,0.000,0.000,0.000
2019-05-22 21:00:00,13.687,0.000,0.000,0.000,0.000,0.000,0.000
2019-05-22 21:30:00,31.679,0.000,0.000,0.000,0.000,0.000,0.000
2019-05-22 22:00:00,22.780,0.000,0.000,0.000,0.000,0.000,0.000
2019-05-22 22:30:00,25.464,0.000,0.000,0.000,0.000,0.000,0.000
2019-05-22 23:00:00,6.224,0.000,0.000,0.000,0.000,0.000,0.000
2019-05-22 23:30:00,22.516,0.000,0.000,0.000,0.000,0.000,0.000
2019-05-23 00:00:00,10.336,0.000,0.000,0.000,0.000,0.000,0.000
2019-05-23 00:30:00,41.434,0.000,0.000,0.000,0.167,0.000,0.167
2019-05-23 01:00:00,24.951,0.000,0.000,0.000,0.170,0.000,0.170
2019-05-23 01:30:00,24.054,0.000,0.000,0.000,0.172,0.000,0.172
2019-05-23 02:00:00,23.459,0.000,0.000,0.000,0.175,0.000,0.175
2019-05-23 02:30:00,25.548,0.000,0.000,0.000,0.178,0.000,0.178
2019-05-23 03:00:00,26.630,0.000,0.000,0.000,0.179,0.000,0.179
2019-05-23 03:30:00,31.214,0.000,0.000,0.000,0.180,0.000,0.180
2019-05-23 04:00:00,20.885,0.000,0.000,0.000,0.181,0.000,0.181
2019-05-23 04:30:00,14.269,0.000,0.000,0.000,0.181,0.000,0.181
2019-05-23 05:00:00,28.798,0.000,0.000,0.000,0.182,0.000,0.182
2019-05-23 05:30:00,55.611,0.000,0.000,0.000,0.183,0.000,0.183
2019-05-23 06:00:00,53.944,0.000,0.000,0.000,0.185,0.000,0.185
2019-05-23 06:30:00,29.737,0.000,0.000,0.000,0.188,0.000,0.188
2019-05-23 07:00:00,41.795,0.000,0.000,0.000,0.190,0.000,0.190
2019-05-23 07:30:00,54.846,0.000,0.000,0.000,0.193,0.000,0.193
2019-05-23 08:00:00,11.886,0.000,0.156,0.000,0.194,0.156,0.194
2019-05-23 08:30:00,-7.858,0.000,0.166,0.000,0.198,0.166,0.198
2019-05-23 09:00:00,14.983,0.000,0.158,0.000,0.199,0.158,0.199
2019-05-23 09:30:00,1.359,0.000,0.163,0.000,0.200,0.163,0.200
2019-05-23 10:00:00,1.994,0.000,0.167,0.000,0.205,0.167,0.205
2019-05-23 10:30:00,-1.834,0.000,0.170,0.000,0.207,0.170,0.207
2019-05-23 11:00:00,2.548,0.000,0.168,0.000,0.206,0.168,0.206
2019-05-23 11:30:00,-11.638,0.000,0.172,0.000,0.203,0.172,0.203
2019-05-23 12:00:00,6.909,0.000,0.160,0.000,0.198,0.160,0.198
2019-05-23 12:30:00,26.027,0.000,0.154,0.000,0.196,0.154,0.196
2019-05-23 13:00:00,63.692,0.000,0.000,0.000,0.193,0.000,0.193
2019-05-23 13:30:00,30.363,0.000,0.000,0.000,0.190,0.000,0.190
2019-05-23 14:00:00,24.849,0.000,0.000,0.000,0.182,0.000,0.182
2019-05-23 14:30:00,54.195,0.000,0.000,0.000,0.176,0.000,0.176
2019-05-23 15:00:00,63.873,0.000,0.000,0.000,0.171,0.000,0.171
2019-05-23 15:30:00,28.876,0.000,0.000,0.000,0.166,0.000,0.166
2019-05-23 16:00:00,15.590,0.000,0.000,0.000,0.162,0.000,0.162
2019-05-23 16:30:00,36.401,0.000,0.000,0.000,0.000,0.000,0.000
2019-05-23 17:00:00,26.542,0.000,0.000,0.000,0.000,0.000,0.000
2019-05-23 17:30:00,32.239,0.000,0.000,0.000,0.000,0.000,0.000
2019-05-23 18:00:00,38.174,0.000,0.000,0.000,0.000,0.000,0.000
2019-05-23 18:30:00,32.446,0.000,0.000,0.000,0.000,0.000,0.000
2019-05-23 19:00:00,46.982,0.000,0.000,0.000,0.000,0.000,0.000
2019-05-23 19:30:00,20.508,0.000,0.000,0.000,0.000,0.000,0.000
2019-05-23 20:00:00,25.346,0.000,0.000,0.000,0.000,0.000,0.000
2019-05-23 20:30:00,25.795,0.000,0.000,0.000,0.000,0.000,0.000
2019-05-23 21:00:00,11.287,0.000,0.000,0.000,0.000,0.000,0.000
2019-05-23 21:30:00,18.386,0.000,0.000,0.000,0.000,0.000,0.000
2019-05-23 22:00:00,23.764,0.000,0.000,0.000,0.000,0.000,0.000
2019-05-23 22:30:00,17.464,0.000,0.000,0.000,0.000,0.000,0.000
2019-05-23 23:00:00,7.520,0.000,0.000,0.000,0.000,0.000,0.000
2019-05-23 23:30:00,10.941,0.000,0.000,0.000,0.000,0.000,0.000
2019-05-24 00:00:00,4.998,0.000,0.000,0.000,0.000,0.000,0.000
2019-05-24 00:30:00,7.816,0.000,0.000,0.000,0.000,0.000,0.000
2019-05-24 01:00:00,50.871,0.000,0.000,0.000,0.171,0.000,0.171
2019-05-24 01:30:00,51.746,0.000,0.000,0.000,0.175,0.000,0.175
2019-05-24 02:00:00,64.124,0.000,0.000,0.000,0.179,0.000,0.179
2019-05-24 02:30:00,42.440,0.000,0.000,0.000,0.181,0.000,0.181
2019-05-24 03:00:00,46.693,0.000,0.000,0.000,0.185,0.000,0.185
2019-05-24 03:30:00,72.272,0.000,0.000,0.000,0.188,0.000,0.188
2019-05-24 04:00:00,54.542,0.000,0.000,0.000,0.189,0.000,0.189
2019-05-24 04:30:00,44.239,0.000,0.000,0.000,0.191,0.000,0.191
2019-05-24 05:00:00,41.728,0.000,0.000,0.000,0.193,0.000,0.193
2019-05-24 05:30:00,15.803,0.000,0.158,0.000,0.196,0.158,0.196
2019-05-24 06:00:00,-9.383,0.000,0.168,0.000,0.198,0.168,0.198
2019-05-24 06:30:00,-14.809,0.000,0.174,0.000,0.202,0.174,0.202
2019-05-24 07:00:00,-58.466,0.000,0.188,0.000,0.204,0.188,0.204
2019-05-24 07:30:00,-17.873,0.000,0.181,0.000,0.212,0.181,0.212
2019-05-24 08:00:00,15.602,0.000,0.168,0.000,0.218,0.168,0.218
2019-05-24 08:30:00,50.254,0.000,0.163,0.000,0.223,0.163,0.223
2019-05-24 09:00:00,22.829,0.000,0.169,0.000,0.227,0.169,0.227
2019-05-24 09:30:00,-1.485,0.000,0.178,0.000,0.230,0.178,0.230
2019-05-24 10:00:00,31.137,0.000,0.193,0.000,0.235,0.193,0.235
2019-05-24 10:30:00,35.624,0.000,0.190,0.000,0.238,0.190,0.238
2019-05-24 11:00:00,81.200,0.000,0.170,0.000,0.239,0.170,0.239
2019-05-24 11:30:00,57.706,0.000,0.175,0.000,0.238,0.175,0.238
2019-05-24 12:00:00,10.168,0.000,0.172,0.000,0.223,0.172,0.223
2019-05-24 12:30:00,8.637,0.000,0.166,0.000,0.208,0.166,0.208
2019-05-24 13:00:00,30.313,0.000,0.155,0.000,0.198,0.155,0.198
2019-05-24 13:30:00,59.255,0.000,0.000,0.000,0.184,0.000,0.184
2019-05-24 14:00:00,58.610,0.000,0.000,0.000,0.176,0.000,0.176
2019-05-24 14:30:00,42.360,0.000,0.000,0.000,0.170,0.000,0.170
2019-05-24 15:00:00,48.450,0.000,0.000,0.000,0.165,0.000,0.165
2019-05-24 15:30:00,38.180,0.000,0.000,0.000,0.165,0.000,0.165
2019-05-24 16:00:00,29.794,0.000,0.000,0.000,0.165,0.000,0.165
2019-05-24 16:30:00,36.821,0.000,0.000,0.000,0.165,0.000,0.165
2019-05-24 17:00:00,34.989,0.000,0.000,0.000,0.165,0.000,0.165
2019-05-24 17:30:00,29.360,0.000,0.000,0.000,0.165,0.000,0.165
2019-05-24 18:00:00,34.315,0.000,0.000,0.000,0.165,0.000,0.165
2019-05-24 18:30:00,60.724,0.000,0.000,0.000,0.165,0.000,0.165
2019-05-24 19:00:00,42.559,0.000,0.000,0.000,0.165,0.000,0.165
2019-05-24 19:30:00,59.492,0.000,0.000,0.000,0.165,0.000,0.165
2019-05-24 20:00:00,60.433,0.000,0.000,0.000,0.165,0.000,0.165
2019-05-24 20:30:00,38.745,0.000,0.000,0.000,0.165,0.000,0.165
2019-05-24 21:00:00,23.485,0.000,0.000,0.000,0.165,0.000,0.165
2019-05-24 21:30:00,47.420,0.000,0.000,0.000,0.165,0.000,0.165
2019-05-24 22:00:00,68.608,0.000,0.000,0.000,0.165,0.000,0.165
2019-05-24 22:30:00,53.118,0.000,0.000,0.000,0.165,0.000,0.165
2019-05-24 23:00:00,29.511,0.000,0.000,0.000,0.165,0.000,0.165
2019-05-24 23:30:00,31.948,0.000,0.000,0.000,0.165,0.000,0.165
2019-05-25 00:00:00,17.451,0.000,0.000,0.000,0.165,0.000,0.165
2019-05-25 00:30:00,56.936,0.000,0.000,0.000,0.165,0.000,0.165
2019-05-25 01:00:00,22.831,0.000,0.000,0.000,0.165,0.000,0.165
2019-05-25 01:30:00,70.474,0.000,0.000,0.000,0.165,0.000,0.165
2019-05-25 02:00:00,41.504,0.000,0.000,0.000,0.165,0.000,0.165
2019-05-25 02:30:00,23.861,0.000,0.000,0.000,0.165,0.000,0.165
2019-05-25 03:00:00,23.032,0.000,0.000,0.000,0.182,0.000,0.182
2019-05-25 03:30:00,22.679,0.000,0.000,0.000,0.182,0.000,0.182
2019-05-25 04:00:00,46.597,0.000,0.000,0.000,0.182,0.000,0.182
2019-05-25 04:30:00,50.147,0.000,0.000,0.000,0.182,0.000,0.182
2019-05-25 05:00:00,14.054,0.000,0.149,0.000,0.182,0.149,0.182
2019-05-25 05:30:00,34.052,0.000,0.150,0.000,0.189,0.150,0.189
2019-05-25 06:00:00,44.656,0.000,0.146,0.000,0.191,0.146,0.191
2019-05-25 06:30:00,31.643,0.000,0.153,0.000,0.193,0.153,0.193
2019-05-25 07:00:00,40.232,0.000,0.153,0.000,0.195,0.153,0.195
2019-05-25 07:30:00,41.398,0.000,0.150,0.000,0.197,0.150,0.197
2019-05-25 08:00:00,21.501,0.000,0.148,0.000,0.200,0.148,0.200
2019-05-25 08:30:00,26.614,0.000,0.150,0.000,0.201,0.150,0.201
2019-05-25 09:00:00,30.903,0.000,0.153,0.000,0.204,0.153,0.204
2019-05-25 09:30:00,43.993,0.000,0.159,0.000,0.206,0.159,0.206
2019-05-25 10:00:00,14.028,0.000,0.164,0.000,0.204,0.164,0.204
2019-05-25 10:30:00,-19.251,0.000,0.177,0.000,0.202,0.177,0.202
2019-05-25 11:00:00,-15.708,0.000,0.176,0.000,0.204,0.176,0.204
2019-05-25 11:30:00,-20.668,0.000,0.179,0.000,0.205,0.179,0.205
2019-05-25 12:00:00,-2.281,0.000,0.169,0.000,0.203,0.169,0.203
2019-05-25 12:30:00,-1.072,0.000,0.165,0.000,0.199,0.165,0.199
2019-05-25 13:00:00,18.637,0.000,0.154,0.000,0.192,0.154,0.192
2019-05-25 13:30:00,43.016,0.000,0.000,0.000,0.179,0.000,0.179
2019-05-25 14:00:00,12.912,0.000,0.000,0.000,0.171,0.000,0.171
2019-05-25 14:30:00,2.908,0.000,0.000,0.000,0.165,0.000,0.165
2019-05-25 15:00:00,-6.242,0.000,0.000,0.000,0.164,0.000,0.164
2019-05-25 15:30:00,-43.929,0.000,0.000,0.000,0.161,0.000,0.161
2019-05-25 16:00:00,8.156,0.000,0.000,0.000,0.160,0.000,0.160
2019-05-25 16:30:00,16.957,0.000,0.000,0.000,0.000,0.000,0.000
2019-05-25 17:00:00,44.088,0.000,0.000,0.000,0.000,0.000,0.000
2019-05-25 17:30:00,2.531,0.000,0.000,0.000,0.000,0.000,0.000
2019-05-25 18:00:00,4.516,0.000,0.000,0.000,0.000,0.000,0.000
2019-05-25 18:30:00,10.636,0.000,0.000,0.000,0.000,0.000,0.000
2019-05-25 19:00:00,4.374,0.000,0.000,0.000,0.000,0.000,0.000
2019-05-25 19:30:00,7.363,0.000,0.000,0.000,0.000,0.000,0.000
2019-05-25 20:00:00,3.258,0.000,0.000,0.000,0.000,0.000,0.000
2019-05-25 20:30:00,10.842,0.000,0.000,0.000,0.000,0.000,0.000
2019-05-25 21:00:00,13.762,0.000,0.000,0.000,0.000,0.000,0.000
2019-05-25 21:30:00,-23.300,0.000,0.000,0.000,0.000,0.000,0.000
2019-05-25 22:00:00,9.426,0.000,0.000,0.000,0.000,0.000,0.000
2019-05-25 22:30:00,-6.193,0.000,0.000,0.000,0.000,0.000,0.000
2019-05-25 23:00:00,-57.344,0.000,0.000,0.000,0.000,0.000,0.000
2019-05-25 23:30:00,-4.911,0.000,0.000,0.000,0.000,0.000,0.000
2019-05-26 00:00:00,8.566,0.000,0.000,0.000,0.000,0.000,0.000
2019-05-26 00:30:00,66.587,0.000,0.000,0.000,0.165,0.000,0.165
2019-05-26 01:00:00,47.108,0.000,0.000,0.000,0.169,0.000,0.169
2019-05-26 01:30:00,69.067,0.000,0.000,0.000,0.174,0.000,0.174
2019-05-26 02:00:00,38.976,0.000,0.000,0.000,0.177,0.000,0.177
2019-05-26 02:30:00,31.824,0.000,0.000,0.000,0.178,0.000,0.178
2019-05-26 03:00:00,28.281,0.000,0.000,0.000,0.181,0.000,0.181
2019-05-26 03:30:00,60.416,0.000,0.000,0.000,0.182,0.000,0.182
2019-05-26 04:00:00,8.319,0.000,0.151,0.000,0.183,0.151,0.183
2019-05-26 04:30:00,-0.425,0.000,0.154,0.000,0.184,0.154,0.184
2019-05-26 05:00:00,3.055,0.000,0.156,0.000,0.189,0.156,0.189
2019-05-26 05:30:00,16.351,0.000,0.155,0.000,0.192,0.155,0.192
2019-05-26 06:00:00,58.067,0.000,0.150,0.000,0.194,0.150,0.194
2019-05-26 06:30:00,43.294,0.000,0.149,0.000,0.197,0.149,0.197
2019-05-26 07:00:00,37.054,0.000,0.149,0.000,0.198,0.149,0.198
2019-05-26 07:30:00,6.400,0.000,0.165,0.000,0.203,0.165,0.203
2019-05-26 08:00:00,34.534,0.000,0.154,0.000,0.208,0.154,0.208
2019-05-26 08:30:00,37.605,0.000,0.155,0.000,0.208,0.155,0.208
2019-05-26 09:00:00,46.177,0.000,0.158,0.000,0.206,0.158,0.206
2019-05-26 09:30:00,25.120,0.000,0.162,0.000,0.208,0.162,0.208
2019-05-26 10:00:00,-6.649,0.000,0.175,0.000,0.214,0.175,0.214
2019-05-26 10:30:00,-56.099,0.000,0.191,0.000,0.218,0.191,0.218
2019-05-26 11:00:00,-16.634,0.000,0.183,0.000,0.220,0.183,0.220
2019-05-26 11:30:00,-16.220,0.000,0.182,0.000,0.218,0.182,0.218
2019-05-26 12:00:00,-58.261,0.000,0.185,0.000,0.201,0.185,0.201
2019-05-26 12:30:00,-20.663,0.000,0.174,0.000,0.198,0.174,0.198
2019-05-26 13:00:00,18.144,0.000,0.155,0.000,0.194,0.155,0.194
2019-05-26 13:30:00,62.433,0.000,0.000,0.000,0.179,0.000,0.179
2019-05-26 14:00:00,27.678,0.000,0.000,0.000,0.172,0.000,0.172
2019-05-26 14:30:00,-5.462,0.000,0.000,0.000,0.168,0.000,0.168
2019-05-26 15:00:00,15.946,0.000,0.000,0.000,0.168,0.000,0.168
2019-05-26 15:30:00,17.843,0.000,0.000,0.000,0.168,0.000,0.168
2019-05-26 16:00:00,13.830,0.000,0.000,0.000,0.168,0.000,0.168
2019-05-26 16:30:00,19.704,0.000,0.000,0.000,0.168,0.000,0.168
2019-05-26 17:00:00,25.858,0.000,0.000,0.000,0.000,0.000,0.000
2019-05-26 17:30:00,12.968,0.000,0.000,0.000,0.000,0.000,0.000
2019-05-26 18:00:00,-9.019,0.000,0.000,0.000,0.000,0.000,0.000
2019-05-26 18:30:00,-6.005,0.000,0.000,0.000,0.000,0.000,0.000
2019-05-26 19:00:00,43.889,0.000,0.000,0.000,0.000,0.000,0.000
2019-05-26 19:30:00,28.324,0.000,0.000,0.000,0.000,0.000,0.000
2019-05-26 20:00:00,22.004,0.000,0.000,0.000,0.000,0.000,0.000
2019-05-26 20:30:00,10.240,0.000,0.000,0.000,0.000,0.000,0.000
2019-05-26 21:00:00,41.302,0.000,0.000,0.000,0.000,0.000,0.000
2019-05-26 21:30:00,9.618,0.000,0.000,0.000,0.000,0.000,0.000
2019-05-26 22:00:00,50.514,0.000,0.000,0.000,0.000,0.000,0.000
2019-05-26 22:30:00,37.023,0.000,0.000,0.000,0.000,0.000,0.000
2019-05-26 23:00:00,18.810,0.000,0.000,0.000,0.000,0.000,0.000
2019-05-26 23:30:00,1.811,0.000,0.000,0.000,0.000,0.000,0.000
2019-05-27 00:00:00,9.415,0.000,0.000,0.000,0.000,0.000,0.000
2019-05-27 00:30:00,16.197,0.000,0.000,0.000,0.000,0.000,0.000
2019-05-27 01:00:00,23.236,0.000,0.000,0.000,0.000,0.000,0.000
2019-05-27 01:30:00,56.969,0.000,0.000,0.000,0.176,0.000,0.176
2019-05-27 02:00:00,7.968,0.000,0.150,0.000,0.183,0.150,0.183
2019-05-27 02:30:00,-7.068,0.000,0.155,0.000,0.183,0.155,0.183
2019-05-27 03:00:00,-18.673,0.000,0.161,0.000,0.183,0.161,0.183
2019-05-27 03:30:00,23.563,0.000,0.151,0.000,0.188,0.151,0.188
2019-05-27 04:00:00,14.999,0.000,0.154,0.000,0.190,0.154,0.190
2019-05-27 04:30:00,37.100,0.000,0.150,0.000,0.191,0.150,0.191
2019-05-27 05:00:00,40.344,0.000,0.000,0.000,0.192,0.000,0.192
2019-05-27 05:30:00,35.019,0.000,0.000,0.000,0.195,0.000,0.195
2019-05-27 06:00:00,34.385,0.000,0.147,0.000,0.195,0.147,0.195
2019-05-27 06:30:00,21.929,0.000,0.157,0.000,0.197,0.157,0.197
2019-05-27 07:00:00,-11.933,0.000,0.169,0.000,0.198,0.169,0.198
2019-05-27 07:30:00,11.071,0.000,0.161,0.000,0.199,0.161,0.199
2019-05-27 08:00:00,-55.051,0.000,0.177,0.000,0.199,0.177,0.199
2019-05-27 08:30:00,-60.317,0.000,0.190,0.000,0.202,0.190,0.202
2019-05-27 09:00:00,-57.950,0.000,0.189,0.000,0.207,0.189,0.207
2019-05-27 09:30:00,-59.330,0.000,0.195,0.000,0.213,0.195,0.213
2019-05-27 10:00:00,-56.995,0.000,0.194,0.000,0.218,0.194,0.218
2019-05-27 10:30:00,-60.289,0.000,0.202,0.000,0.218,0.202,0.218
2019-05-27 11:00:00,-59.461,0.000,0.204,0.000,0.222,0.204,0.222
2019-05-27 11:30:00,-54.664,0.000,0.192,0.000,0.223,0.192,0.223
2019-05-27 12:00:00,-16.560,0.000,0.177,0.000,0.205,0.177,0.205
2019-05-27 12:30:00,-18.721,0.000,0.171,0.000,0.196,0.171,0.196
2019-05-27 13:00:00,-21.510,0.000,0.167,0.000,0.189,0.167,0.189
2019-05-27 13:30:00,-4.159,0.000,0.151,0.000,0.178,0.151,0.178
2019-05-27 14:00:00,5.475,0.000,0.000,0.000,0.171,0.000,0.171
2019-05-27 14:30:00,-3.578,0.000,0.000,0.000,0.166,0.000,0.166
2019-05-27 15:00:00,-9.459,0.000,0.000,0.000,0.162,0.000,0.162
2019-05-27 15:30:00,-3.806,0.000,0.000,0.000,0.160,0.000,0.160
2019-05-27 16:00:00,-4.317,0.000,0.000,0.000,0.159,0.000,0.159
2019-05-27 16:30:00,13.140,0.000,0.000,0.000,0.000,0.000,0.000
2019-05-27 17:00:00,-18.490,0.000,0.000,0.000,0.000,0.000,0.000
2019-05-27 17:30:00,-3.392,0.000,0.000,0.000,0.000,0.000,0.000
2019-05-27 18:00:00,-4.031,0.000,0.000,0.000,0.000,0.000,0.000
2019-05-27 18:30:00,8.307,0.000,0.000,0.000,0.000,0.000,0.000
2019-05-27 19:00:00,-5.113,0.000,0.000,0.000,0.000,0.000,0.000
2019-05-27 19:30:00,53.491,0.000,0.000,0.000,0.000,0.000,0.000
2019-05-27 20:00:00,34.580,0.000,0.000,0.000,0.000,0.000,0.000
2019-05-27 20:30:00,15.327,0.000,0.000,0.000,0.000,0.000,0.000
2019-05-27 21:00:00,16.047,0.000,0.000,0.000,0.000,0.000,0.000
2019-05-27 21:30:00,22.898,0.000,0.000,0.000,0.000,0.000,0.000
2019-05-27 22:00:00,20.512,0.000,0.000,0.000,0.000,0.000,0.000
2019-05-27 22:30:00,12.388,0.000,0.000,0.000,0.000,0.000,0.000
2019-05-27 23:00:00,11.199,0.000,0.000,0.000,0.162,0.000,0.162
2019-05-27 23:30:00,40.278,0.000,0.000,0.000,0.162,0.000,0.162
2019-05-28 00:00:00,59.847,0.000,0.000,0.000,0.162,0.000,0.162
2019-05-28 00:30:00,3.173,0.000,0.000,0.000,0.162,0.000,0.162
2019-05-28 01:00:00,-2.391,0.000,0.000,0.000,0.170,0.000,0.170
2019-05-28 01:30:00,-20.120,0.000,0.154,0.000,0.173,0.154,0.173
2019-05-28 02:00:00,-15.129,0.000,0.154,0.000,0.176,0.154,0.176
2019-05-28 02:30:00,36.825,0.000,0.000,0.000,0.178,0.000,0.178
2019-05-28 03:00:00,36.848,0.000,0.000,0.000,0.179,0.000,0.179
2019-05-28 03:30:00,53.517,0.000,0.000,0.000,0.179,0.000,0.179
2019-05-28 04:00:00,57.397,0.000,0.000,0.000,0.180,0.000,0.180
2019-05-28 04:30:00,10.932,0.000,0.151,0.000,0.183,0.151,0.183
2019-05-28 05:00:00,48.972,0.000,0.000,0.000,0.186,0.000,0.186
2019-05-28 05:30:00,4.902,0.000,0.155,0.000,0.187,0.155,0.187
2019-05-28 06:00:00,-15.055,0.000,0.164,0.000,0.189,0.164,0.189
2019-05-28 06:30:00,-22.464,0.000,0.169,0.000,0.191,0.169,0.191
2019-05-28 07:00:00,-9.636,0.000,0.163,0.000,0.191,0.163,0.191
2019-05-28 07:30:00,1.527,0.000,0.160,0.000,0.193,0.160,0.193
2019-05-28 08:00:00,-9.849,0.000,0.166,0.000,0.195,0.166,0.195
2019-05-28 08:30:00,-21.197,0.000,0.174,0.000,0.197,0.174,0.197
2019-05-28 09:00:00,-60.785,0.000,0.189,0.000,0.199,0.189,0.199
2019-05-28 09:30:00,-60.775,0.000,0.190,0.000,0.201,0.190,0.201
2019-05-28 10:00:00,-60.761,0.000,0.192,0.000,0.203,0.192,0.203
2019-05-28 10:30:00,-12.471,0.000,0.174,0.000,0.204,0.174,0.204
2019-05-28 11:00:00,18.114,0.000,0.163,0.000,0.206,0.163,0.206
2019-05-28 11:30:00,10.869,0.000,0.165,0.000,0.205,0.165,0.205
2019-05-28 12:00:00,26.563,0.000,0.158,0.000,0.199,0.158,0.199
2019-05-28 12:30:00,16.965,0.000,0.158,0.000,0.197,0.158,0.197
2019-05-28 13:00:00,-3.212,0.000,0.161,0.000,0.192,0.161,0.192
2019-05-28 13:30:00,-17.526,0.000,0.162,0.000,0.185,0.162,0.185
2019-05-28 14:00:00,13.116,0.000,0.000,0.000,0.176,0.000,0.176
2019-05-28 14:30:00,18.188,0.000,0.000,0.000,0.171,0.000,0.171
2019-05-28 15:00:00,31.421,0.000,0.000,0.000,0.171,0.000,0.171
2019-05-28 15:30:00,29.148,0.000,0.000,0.000,0.167,0.000,0.167
2019-05-28 16:00:00,26.063,0.000,0.000,0.000,0.167,0.000,0.167
2019-05-28 16:30:00,5.785,0.000,0.000,0.000,0.163,0.000,0.163
2019-05-28 17:00:00,1.860,0.000,0.000,0.000,0.160,0.000,0.160
2019-05-28 17:30:00,7.565,0.000,0.000,0.000,0.000,0.000,0.000
2019-05-28 18:00:00,27.325,0.000,0.000,0.000,0.000,0.000,0.000
2019-05-28 18:30:00,12.699,0.000,0.000,0.000,0.000,0.000,0.000
2019-05-28 19:00:00,14.106,0.000,0.000,0.000,0.000,0.000,0.000
2019-05-28 19:30:00,50.046,0.000,0.000,0.000,0.000,0.000,0.000
2019-05-28 20:00:00,36.633,0.000,0.000,0.000,0.000,0.000,0.000
2019-05-28 20:30:00,32.631,0.000,0.000,0.000,0.000,0.000,0.000
2019-05-28 21:00:00,19.198,0.000,0.000,0.000,0.000,0.000,0.000
2019-05-28 21:30:00,43.442,0.000,0.000,0.000,0.000,0.000,0.000
2019-05-28 22:00:00,22.420,0.000,0.000,0.000,0.000,0.000,0.000
2019-05-28 22:30:00,45.539,0.000,0.000,0.000,0.000,0.000,0.000
2019-05-28 23:00:00,17.043,0.000,0.000,0.000,0.000,0.000,0.000
2019-05-28 23:30:00,6.100,0.000,0.000,0.000,0.000,0.000,0.000
2019-05-29 00:00:00,15.409,0.000,0.000,0.000,0.000,0.000,0.000
2019-05-29 00:30:00,35.014,0.000,0.000,0.000,0.165,0.000,0.165
2019-05-29 01:00:00,37.083,0.000,0.000,0.000,0.169,0.000,0.169
2019-05-29 01:30:00,25.752,0.000,0.000,0.000,0.172,0.000,0.172
2019-05-29 02:00:00,23.560,0.000,0.000,0.000,0.175,0.000,0.175
2019-05-29 02:30:00,59.184,0.000,0.000,0.000,0.177,0.000,0.177
2019-05-29 03:00:00,61.232,0.000,0.000,0.000,0.180,0.000,0.180
2019-05-29 03:30:00,36.475,0.000,0.000,0.000,0.181,0.000,0.181
2019-05-29 04:00:00,21.850,0.000,0.000,0.000,0.182,0.000,0.182
2019-05-29 04:30:00,21.891,0.000,0.000,0.000,0.183,0.000,0.183
2019-05-29 05:00:00,43.694,0.000,0.000,0.000,0.184,0.000,0.184
2019-05-29 05:30:00,23.568,0.000,0.149,0.000,0.184,0.149,0.184
2019-05-29 06:00:00,58.485,0.000,0.145,0.000,0.184,0.145,0.184
2019-05-29 06:30:00,33.455,0.000,0.148,0.000,0.185,0.148,0.185
2019-05-29 07:00:00,38.014,0.000,0.000,0.000,0.187,0.000,0.187
2019-05-29 07:30:00,53.047,0.000,0.148,0.000,0.191,0.148,0.191
2019-05-29 08:00:00,43.059,0.000,0.151,0.000,0.192,0.151,0.192
2019-05-29 08:30:00,37.707,0.000,0.000,0.000,0.192,0.000,0.192
2019-05-29 09:00:00,20.184,0.000,0.155,0.000,0.193,0.155,0.193
2019-05-29 09:30:00,-1.564,0.000,0.162,0.000,0.193,0.162,0.193
2019-05-29 10:00:00,15.941,0.000,0.157,0.000,0.193,0.157,0.193
2019-05-29 10:30:00,8.798,0.000,0.158,0.000,0.193,0.158,0.193
2019-05-29 11:00:00,35.327,0.000,0.153,0.000,0.194,0.153,0.194
2019-05-29 11:30:00,28.781,0.000,0.154,0.000,0.193,0.154,0.193
2019-05-29 12:00:00,10.458,0.000,0.155,0.000,0.189,0.155,0.189
2019-05-29 12:30:00,-55.770,0.000,0.169,0.000,0.188,0.169,0.188
2019-05-29 13:00:00,-60.949,0.000,0.178,0.000,0.187,0.178,0.187
2019-05-29 13:30:00,-59.034,0.000,0.174,0.000,0.187,0.174,0.187
2019-05-29 14:00:00,-60.309,0.000,0.176,0.000,0.187,0.176,0.187
2019-05-29 14:30:00,-24.643,0.000,0.157,0.000,0.173,0.157,0.173
2019-05-29 15:00:00,2.111,0.000,0.000,0.000,0.173,0.000,0.173
2019-05-29 15:30:00,7.573,0.000,0.000,0.000,0.168,0.000,0.168
2019-05-29 16:00:00,-2.813,0.000,0.000,0.000,0.163,0.000,0.163
2019-05-29 16:30:00,-42.440,0.000,0.000,0.000,0.161,0.000,0.161
2019-05-29 17:00:00,-13.767,0.000,0.000,0.000,0.000,0.000,0.000
2019-05-29 17:30:00,-4.565,0.000,0.000,0.000,0.000,0.000,0.000
2019-05-29 18:00:00,-14.535,0.000,0.000,0.000,0.000,0.000,0.000
2019-05-29 18:30:00,9.468,0.000,0.000,0.000,0.000,0.000,0.000
2019-05-29 19:00:00,13.362,0.000,0.000,0.000,0.000,0.000,0.000
2019-05-29 19:30:00,54.465,0.000,0.000,0.000,0.000,0.000,0.000
2019-05-29 20:00:00,52.632,0.000,0.000,0.000,0.000,0.000,0.000
2019-05-29 20:30:00,-9.784,0.000,0.000,0.000,0.000,0.000,0.000
2019-05-29 21:00:00,5.579,0.000,0.000,0.000,0.000,0.000,0.000
2019-05-29 21:30:00,18.668,0.000,0.000,0.000,0.000,0.000,0.000
2019-05-29 22:00:00,6.375,0.000,0.000,0.000,0.000,0.000,0.000
2019-05-29 22:30:00,-5.354,0.000,0.000,0.000,0.000,0.000,0.000
2019-05-29 23:00:00,19.230,0.000,0.000,0.000,0.000,0.000,0.000
2019-05-29 23:30:00,-0.116,0.000,0.000,0.000,0.000,0.000,0.000
2019-05-30 00:00:00,-21.602,0.000,0.000,0.000,0.000,0.000,0.000
2019-05-30 00:30:00,16.014,0.000,0.000,0.000,0.000,0.000,0.000
2019-05-30 01:00:00,71.682,0.000,0.000,0.000,0.171,0.000,0.171
2019-05-30 01:30:00,37.181,0.000,0.000,0.000,0.174,0.000,0.174
2019-05-30 02:00:00,35.991,0.000,0.000,0.000,0.176,0.000,0.176
2019-05-30 02:30:00,14.877,0.000,0.000,0.000,0.177,0.000,0.177
2019-05-30 03:00:00,37.321,0.000,0.000,0.000,0.179,0.000,0.179
2019-05-30 03:30:00,48.221,0.000,0.000,0.000,0.180,0.000,0.180
2019-05-30 04:00:00,51.757,0.000,0.000,0.000,0.181,0.000,0.181
2019-05-30 04:30:00,50.453,0.000,0.000,0.000,0.184,0.000,0.184
2019-05-30 05:00:00,59.691,0.000,0.000,0.000,0.185,0.000,0.185
2019-05-30 05:30:00,41.021,0.000,0.000,0.000,0.194,0.000,0.194
2019-05-30 06:00:00,29.434,0.000,0.161,0.000,0.205,0.161,0.205
2019-05-30 06:30:00,44.939,0.000,0.157,0.000,0.212,0.157,0.212
2019-05-30 07:00:00,51.774,0.000,0.158,0.000,0.212,0.158,0.212
2019-05-30 07:30:00,1.770,0.000,0.171,0.000,0.212,0.171,0.212
2019-05-30 08:00:00,5.353,0.000,0.170,0.000,0.213,0.170,0.213
2019-05-30 08:30:00,-0.671,0.000,0.173,0.000,0.214,0.173,0.214
2019-05-30 09:00:00,-17.507,0.000,0.183,0.000,0.215,0.183,0.215
2019-05-30 09:30:00,-56.863,0.000,0.192,0.000,0.216,0.192,0.216
2019-05-30 10:00:00,-57.405,0.000,0.193,0.000,0.216,0.193,0.216
2019-05-30 10:30:00,-0.034,0.000,0.174,0.000,0.217,0.174,0.217
2019-05-30 11:00:00,4.134,0.000,0.172,0.000,0.216,0.172,0.216
2019-05-30 11:30:00,33.020,0.000,0.163,0.000,0.212,0.163,0.212
2019-05-30 12:00:00,21.365,0.000,0.150,0.000,0.210,0.150,0.210
2019-05-30 12:30:00,41.170,0.000,0.159,0.000,0.204,0.159,0.204
2019-05-30 13:00:00,8.411,0.000,0.161,0.000,0.198,0.161,0.198
2019-05-30 13:30:00,40.888,0.000,0.149,0.000,0.197,0.149,0.197
2019-05-30 14:00:00,39.736,0.000,0.000,0.000,0.198,0.000,0.198
2019-05-30 14:30:00,53.199,0.000,0.000,0.000,0.192,0.000,0.192
2019-05-30 15:00:00,36.950,0.000,0.000,0.000,0.189,0.000,0.189
2019-05-30 15:30:00,36.732,0.000,0.000,0.000,0.184,0.000,0.184
2019-05-30 16:00:00,39.781,0.000,0.000,0.000,0.185,0.000,0.185
2019-05-30 16:30:00,54.827,0.000,0.156,0.000,0.203,0.156,0.203
2019-05-30 17:00:00,12.203,0.000,0.169,0.000,0.208,0.169,0.208
2019-05-30 17:30:00,-16.998,0.000,0.178,0.000,0.206,0.178,0.206
2019-05-30 18:00:00,-57.178,0.000,0.179,0.000,0.196,0.179,0.196
2019-05-30 18:30:00,-20.899,0.000,0.173,0.000,0.194,0.173,0.194
2019-05-30 19:00:00,-15.348,0.000,0.167,0.000,0.191,0.167,0.191
2019-05-30 19:30:00,-59.238,0.000,0.173,0.000,0.185,0.173,0.185
2019-05-30 20:00:00,-5.638,0.000,0.156,0.000,0.182,0.156,0.182
2019-05-30 20:30:00,-21.730,0.000,0.161,0.000,0.180,0.161,0.180
2019-05-30 21:00:00,6.281,0.000,0.149,0.000,0.178,0.149,0.178
2019-05-30 21:30:00,40.417,0.000,0.000,0.000,0.176,0.000,0.176
2019-05-30 22:00:00,58.326,0.000,0.000,0.000,0.180,0.000,0.180
2019-05-30 22:30:00,48.482,0.000,0.000,0.000,0.182,0.000,0.182
2019-05-30 23:00:00,29.906,0.000,0.147,0.000,0.183,0.147,0.183
2019-05-30 23:30:00,-12.058,0.000,0.159,0.000,0.184,0.159,0.184
2019-05-31 00:00:00,-21.317,0.000,0.166,0.000,0.187,0.166,0.187
2019-05-31 00:30:00,17.805,0.000,0.154,0.000,0.190,0.154,0.190
2019-05-31 01:00:00,20.207,0.000,0.156,0.000,0.194,0.156,0.194
2019-05-31 01:30:00,-1.008,0.000,0.165,0.000,0.198,0.165,0.198
2019-05-31 02:00:00,8.363,0.000,0.164,0.000,0.201,0.164,0.201
2019-05-31 02:30:00,-13.375,0.000,0.175,0.000,0.203,0.175,0.203
2019-05-31 03:00:00,0.955,0.000,0.170,0.000,0.208,0.170,0.208
2019-05-31 03:30:00,13.673,0.000,0.168,0.000,0.213,0.168,0.213
2019-05-31 04:00:00,13.835,0.000,0.169,0.000,0.218,0.169,0.218
2019-05-31 04:30:00,30.976,0.000,0.159,0.000,0.222,0.159,0.222
2019-05-31 05:00:00,53.401,0.000,0.165,0.000,0.226,0.165,0.226
2019-05-31 05:30:00,44.277,0.000,0.164,0.000,0.230,0.164,0.230
2019-05-31 06:00:00,36.406,0.000,0.164,0.000,0.235,0.164,0.235
2019-05-31 06:30:00,91.827,0.000,0.168,0.000,0.238,0.168,0.238
2019-05-31 07:00:00,94.052,0.000,0.171,0.000,0.245,0.171,0.245
2019-05-31 07:30:00,45.215,0.000,0.191,0.000,0.249,0.191,0.249
2019-05-31 08:00:00,40.220,0.000,0.197,0.000,0.252,0.197,0.252
2019-05-31 08:30:00,33.302,0.000,0.206,0.000,0.254,0.206,0.254
2019-05-31 09:00:00,42.414,0.000,0.199,0.000,0.257,0.199,0.257
2019-05-31 09:30:00,70.194,0.000,0.184,0.000,0.260,0.184,0.260
2019-05-31 10:00:00,41.667,0.000,0.204,0.000,0.263,0.204,0.263
2019-05-31 10:30:00,47.514,0.000,0.202,0.000,0.266,0.202,0.266
2019-05-31 11:00:00,47.120,0.000,0.204,0.000,0.269,0.204,0.269
2019-05-31 11:30:00,40.396,0.000,0.207,0.000,0.265,0.207,0.265
2019-05-31 12:00:00,42.600,0.000,0.191,0.000,0.247,0.191,0.247
2019-05-31 12:30:00,55.680,0.000,0.175,0.000,0.234,0.175,0.234
2019-05-31 13:00:00,61.395,0.000,0.172,0.000,0.229,0.172,0.229
2019-05-31 13:30:00,56.955,0.000,0.156,0.000,0.203,0.156,0.203
2019-05-31 14:00:00,28.402,0.000,0.000,0.000,0.194,0.000,0.194
2019-05-31 14:30:00,35.494,0.000,0.000,0.000,0.188,0.000,0.188
2019-05-31 15:00:00,36.676,0.000,0.000,0.000,0.184,0.000,0.184
2019-05-31 15:30:00,47.651,0.000,0.000,0.000,0.182,0.000,0.182
2019-05-31 16:00:00,19.291,0.000,0.000,0.000,0.182,0.000,0.182
2019-05-31 16:30:00,19.480,0.000,0.000,0.000,0.178,0.000,0.178
2019-05-31 17:00:00,-25.243,0.000,0.000,0.000,0.000,0.000,0.000
2019-05-31 17:30:00,-2.046,0.000,0.000,0.000,0.000,0.000,0.000
2019-05-31 18:00:00,3.121,0.000,0.000,0.000,0.000,0.000,0.000
2019-05-31 18:30:00,29.260,0.000,0.000,0.000,0.000,0.000,0.000
2019-05-31 19:00:00,16.595,0.000,0.000,0.000,0.000,0.000,0.000
2019-05-31 19:30:00,28.098,0.000,0.000,0.000,0.000,0.000,0.000
2019-05-31 20:00:00,53.608,0.000,0.000,0.000,0.000,0.000,0.000
2019-05-31 20:30:00,37.782,0.000,0.000,0.000,0.000,0.000,0.000
2019-05-31 21:00:00,50.544,0.000,0.000,0.000,0.000,0.000,0.000
2019-05-31 21:30:00,30.989,0.000,0.000,0.000,0.000,0.000,0.000
2019-05-31 22:00:00,54.009,0.000,0.000,0.000,0.000,0.000,0.000
2019-05-31 22:30:00,29.943,0.000,0.000,0.000,0.178,0.000,0.178
2019-05-31 23:00:00,26.707,0.000,0.000,0.000,0.000,0.000,0.000
2019-05-31 23:30:00,33.242,0.000,0.000,0.000,0.000,0.000,0.000
2019-06-01 00:00:00,49.871,0.000,0.000,0.000,0.181,0.000,0.181
